Rk,Player,Pos,Squad,Age,Born,MP,Min,Mn/MP,Min%,90s,Starts,Mn/Start,Compl,Subs,Mn/Sub,unSub,PPM,onG,onGA,+/-,+/-90,On-Off,onxG,onxGA,xG+/-,xG+/-90,On-Off,Matches
1,Amir Abrashi,MF,al Albania,33,1990,0,,,,,0,,0,0,,3,,,,,,,,,,,,Matches
2,Che Adams,FW,sct Scotland,27,1996,3,209,70,77.4,2.3,3,70,0,0,,0,0.33,1,4,-3,-1.29,+1.66,0.7,2.8,-2.0,-0.88,+1.23,Matches
3,Michel Aebischer,DF,ch Switzerland,27,1997,5,476,95,99.2,5.3,5,95,3,0,,0,1.80,8,4,+4,+0.76,+0.76,6.5,4.9,+1.6,+0.30,-5.09,Matches
4,Arlind Ajeti,DF,al Albania,30,1993,3,270,90,100.0,3.0,3,90,3,0,,0,0.33,3,5,-2,-0.67,,2.4,5.7,-3.2,-1.07,,Matches
5,Manuel Akanji,DF,ch Switzerland,28,1995,5,480,96,100.0,5.3,5,96,5,0,,0,1.80,8,4,+4,+0.75,,6.7,4.9,+1.8,+0.37,+0.37,Matches
6,Samet Akaydın,DF,tr Türkiye,29,1994,4,335,84,74.4,3.7,4,84,2,0,,0,1.50,6,7,-1,-0.27,-1.05,5.7,5.6,+0.2,+0.04,+1.45,Matches
7,Nathan Aké,DF,nl Netherlands,28,1995,6,470,78,87.0,5.2,6,78,2,0,,0,1.67,6,6,0,0.00,-3.86,6.6,5.2,+1.3,+0.25,-0.06,Matches
8,Yunus Akgün,FW,tr Türkiye,23,2000,1,69,69,15.3,0.8,1,69,0,0,,4,0.00,0,3,-3,-3.91,-4.62,0.7,1.6,-0.9,-1.23,-1.07,Matches
9,Kerem Aktürkoğlu,"FW,MF",tr Türkiye,25,1998,5,105,21,23.3,1.2,1,57,0,4,12,0,1.80,2,3,-1,-0.86,-1.12,2.8,3.0,-0.2,-0.21,+0.15,Matches
10,Trent Alexander-Arnold,"MF,DF",eng England,25,1998,4,134,34,19.4,1.5,2,61,0,2,7,3,1.50,2,1,+1,+0.67,+0.51,0.9,0.6,+0.3,+0.19,+0.40,Matches
11,Denis Alibec,FW,ro Romania,33,1991,2,29,15,8.1,0.3,0,,0,2,15,2,0.00,0,2,-2,-6.21,-6.21,0.4,1.4,-1.0,-3.14,-2.70,Matches
12,Naser Aliji,"DF,MF",al Albania,30,1993,0,,,,,0,,0,0,,3,,,,,,,,,,,,Matches
13,Barış Alper Yılmaz,FW,tr Türkiye,23,2000,5,450,90,100.0,5.0,5,90,5,0,,0,1.80,8,8,0,0.00,,7.3,8.9,-1.6,-0.32,,Matches
14,Sandro Altunashvili,MF,ge Georgia,26,1997,2,52,26,14.4,0.6,0,,0,2,26,2,0.00,0,4,-4,-6.92,-7.22,0.4,3.0,-2.6,-4.51,-3.24,Matches
15,Zeki Amdouni,"MF,FW",ch Switzerland,23,2000,4,57,14,11.9,0.6,0,,0,4,14,1,1.50,1,1,0,0.00,-0.85,1.4,0.9,+0.5,+0.85,+0.58,Matches
16,Joachim Andersen,DF,dk Denmark,27,1996,4,360,90,100.0,4.0,4,90,4,0,,0,0.75,2,4,-2,-0.50,,4.3,4.8,-0.5,-0.12,,Matches
17,Robert Andrich,MF,de Germany,29,1994,5,318,64,66.3,3.5,4,61,0,1,75,0,2.00,7,3,+4,+1.13,-0.53,6.6,3.5,+3.1,+0.98,-0.06,Matches
18,Waldemar Anton,DF,de Germany,27,1996,2,33,17,6.9,0.4,0,,0,2,17,3,1.50,0,1,-1,-2.73,-4.34,1.0,0.9,0.0,+0.55,-0.45,Matches
19,Alphonse Areola,GK,fr France,30,1993,0,,,,,0,,0,0,,6,,,,,,,,,,,,Matches
20,Stuart Armstrong,MF,sct Scotland,31,1992,1,15,15,5.6,0.2,0,,0,1,15,2,0.00,0,1,-1,-6.00,-4.59,0.1,0.8,-0.7,-3.96,-2.96,Matches
21,Marko Arnautović,FW,at Austria,34,1989,4,279,70,77.5,3.1,3,82,1,1,32,0,1.50,6,5,+1,+0.32,+0.32,5.8,5.0,+0.8,+0.25,+0.38,Matches
22,Jasir Asani,FW,al Albania,28,1995,3,210,70,77.8,2.3,3,70,0,0,,0,0.33,2,3,-1,-0.43,+1.07,1.4,4.3,-2.8,-1.22,-0.64,Matches
23,Kristjan Asllani,MF,al Albania,21,2002,3,270,90,100.0,3.0,3,90,3,0,,0,0.33,3,5,-2,-0.67,,2.4,5.7,-3.2,-1.07,,Matches
24,Kaan Ayhan,"MF,DF",tr Türkiye,29,1994,5,358,72,79.6,4.0,4,78,1,1,45,0,1.80,7,8,-1,-0.25,-1.23,5.8,7.7,-1.9,-0.47,-0.74,Matches
25,Srđan Babić,DF,rs Serbia,27,1996,0,,,,,0,,0,0,,3,,,,,,,,,,,,Matches
26,Alex Baena,"MF,FW",es Spain,22,2001,2,27,14,4.1,0.3,0,,0,2,14,5,3.00,0,0,0,0.00,-1.56,0.4,0.2,+0.2,+0.52,-0.30,Matches
27,Alexander Bah,"DF,MF",dk Denmark,26,1997,4,281,70,78.1,3.1,3,82,1,1,34,0,0.75,1,3,-2,-0.64,-0.64,3.9,3.5,+0.4,+0.12,+1.09,Matches
28,Nedim Bajrami,"FW,MF",al Albania,24,1999,3,245,82,90.7,2.7,3,82,1,0,,0,0.33,3,5,-2,-0.73,-0.73,1.9,5.4,-3.5,-1.28,-2.20,Matches
29,Johan Bakayoko,"FW,DF",be Belgium,20,2003,2,48,24,13.3,0.5,0,,0,2,24,2,0.50,0,0,0,0.00,0.00,1.1,0.6,+0.5,+0.98,+0.81,Matches
30,Jure Balkovec,DF,si Slovenia,29,1994,2,121,61,31.0,1.3,1,120,1,1,1,2,1.00,0,0,0,0.00,0.00,0.6,2.0,-1.4,-1.41,-0.98,Matches
31,Iván Balliu,DF,al Albania,32,1992,1,90,90,33.3,1.0,1,90,1,0,,2,0.00,0,1,-1,-1.00,-0.50,0.5,1.5,-1.0,-1.02,+0.07,Matches
32,Botond Balogh,DF,hu Hungary,21,2002,0,,,,,0,,0,0,,3,,,,,,,,,,,,Matches
33,Nicușor Bancu,DF,ro Romania,31,1992,3,270,90,75.0,3.0,3,90,3,0,,0,1.33,4,3,+1,+0.33,+3.33,3.2,3.3,-0.1,-0.04,+2.48,Matches
34,Antonín Barák,MF,cz Czechia,29,1994,3,41,14,15.2,0.5,1,19,0,2,11,0,0.33,0,1,-1,-2.20,-1.80,0.5,1.0,-0.4,-0.96,-1.42,Matches
35,Bradley Barcola,"FW,MF",fr France,21,2002,3,103,34,18.1,1.1,1,60,0,2,22,3,0.67,1,0,+1,+0.87,+0.87,2.6,0.5,+2.1,+2.14,+1.82,Matches
36,Abdülkerim Bardakcı,DF,tr Türkiye,29,1994,4,360,90,80.0,4.0,4,90,4,0,,0,1.50,6,7,-1,-0.25,-1.25,5.9,7.3,-1.4,-0.35,-0.11,Matches
37,Nicolò Barella,MF,it Italy,26,1997,4,332,83,92.2,3.7,4,83,2,0,,0,1.00,3,5,-2,-0.54,-0.54,2.7,4.5,-1.8,-0.48,-1.75,Matches
38,Alessandro Bastoni,DF,it Italy,24,1999,4,360,90,100.0,4.0,4,90,4,0,,0,1.00,3,5,-2,-0.50,,3.3,4.7,-1.4,-0.35,,Matches
39,Martin Baturina,FW,hr Croatia,20,2003,1,7,7,2.6,0.1,0,,0,1,7,2,1.00,0,1,-1,-12.86,-12.17,0.2,0.5,-0.2,-3.18,-3.72,Matches
40,Oliver Baumann,GK,de Germany,33,1990,0,,,,,0,,0,0,,5,,,,,,,,,,,,Matches
41,Christoph Baumgartner,"MF,FW",at Austria,24,1999,4,289,72,80.3,3.2,3,87,2,1,29,0,1.50,5,5,0,0.00,-1.27,5.7,4.4,+1.3,+0.40,+1.19,Matches
42,Altay Bayındır,GK,tr Türkiye,25,1998,1,90,90,20.0,1.0,1,90,1,0,,4,0.00,0,3,-3,-3.00,-3.75,0.7,1.9,-1.1,-1.15,-1.03,Matches
43,Jan Bednarek,DF,pl Poland,27,1996,3,270,90,100.0,3.0,3,90,3,0,,0,0.33,3,6,-3,-1.00,,4.1,5.9,-1.8,-0.60,,Matches
44,Maximilian Beier,FW,de Germany,21,2002,1,26,26,5.4,0.3,0,,0,1,26,4,1.00,1,0,+1,+3.46,+2.27,0.8,0.1,+0.7,+2.41,+1.49,Matches
45,Vid Belec,GK,si Slovenia,33,1990,0,,,,,0,,0,0,,4,,,,,,,,,,,,Matches
46,Raoul Bellanova,"DF,MF",it Italy,23,2000,0,,,,,0,,0,0,,4,,,,,,,,,,,,Matches
47,Jude Bellingham,"MF,FW",eng England,20,2003,7,670,96,97.1,7.4,7,96,5,0,,0,1.71,8,6,+2,+0.27,+0.27,5.9,6.7,-0.8,-0.11,+0.31,Matches
48,László Bénes,MF,sk Slovakia,26,1997,2,71,36,18.2,0.8,0,,0,2,36,2,0.00,0,3,-3,-3.80,-4.37,1.2,0.9,+0.3,+0.68,+1.11,Matches
49,Bartosz Bereszyński,DF,pl Poland,31,1992,1,5,5,1.9,0.1,0,,0,1,5,2,0.00,0,0,0,0.00,+1.02,0.4,0.0,+0.4,+6.74,+7.47,Matches
50,Steven Bergwijn,FW,nl Netherlands,26,1997,2,90,45,16.7,1.0,2,45,0,0,,4,3.00,1,1,0,0.00,-0.60,0.9,0.8,+0.1,+0.10,-0.19,Matches
51,Etrit Berisha,GK,al Albania,34,1989,0,,,,,0,,0,0,,3,,,,,,,,,,,,Matches
52,Medon Berisha,MF,al Albania,20,2003,1,21,21,7.8,0.2,0,,0,1,21,2,0.00,0,0,0,0.00,+0.72,0.2,0.2,0.0,-0.01,+1.15,Matches
53,Victor Bernth Kristiansen,"DF,MF",dk Denmark,21,2002,4,156,39,43.3,1.7,2,67,0,2,12,0,0.75,2,2,0,0.00,+0.88,2.0,2.0,+0.1,+0.03,+0.27,Matches
54,Matúš Bero,"MF,DF",sk Slovakia,28,1995,2,41,21,10.5,0.5,0,,0,2,21,2,0.50,0,2,-2,-4.39,-4.65,1.0,0.5,+0.5,+3.69,+4.12,Matches
55,Justin Bijlow,GK,nl Netherlands,26,1998,0,,,,,0,,0,0,,6,,,,,,,,,,,,Matches
56,Jaka Bijol,DF,si Slovenia,24,1999,4,390,98,100.0,4.3,4,98,4,0,,0,1.00,2,2,0,0.00,,3.2,6.1,-2.9,-0.71,-0.71,Matches
57,Daniel Birligea,FW,ro Romania,23,2000,0,,,,,0,,0,0,,4,,,,,,,,,,,,Matches
58,Veljko Birmančević,DF,rs Serbia,25,1998,2,26,13,9.6,0.3,0,,0,2,13,1,0.50,1,0,+1,+3.46,+4.20,0.4,0.2,+0.2,+0.79,+1.05,Matches
59,Miha Blažič,DF,si Slovenia,30,1993,0,,,,,0,,0,0,,4,,,,,,,,,,,,Matches
60,Daley Blind,FW,nl Netherlands,33,1990,1,1,1,0.2,0.0,0,,0,1,1,5,3.00,1,0,+1,+90.00,+89.67,0.4,0.0,+0.4,+33.34,+33.14,Matches
61,Bendegúz Bolla,DF,hu Hungary,24,1999,3,204,68,75.6,2.3,2,80,0,1,45,0,1.00,1,3,-2,-0.88,+0.48,2.2,2.2,0.0,0.00,+0.30,Matches
62,Valerii Bondar,DF,ua Ukraine,24,1999,0,,,,,0,,0,0,,3,,,,,,,,,,,,Matches
63,Endre Botka,DF,hu Hungary,29,1994,1,90,90,33.3,1.0,1,90,1,0,,2,3.00,1,0,+1,+1.00,+3.00,1.2,0.2,+1.1,+1.05,+1.69,Matches
64,Jarrod Bowen,FW,eng England,27,1996,2,37,19,5.4,0.4,0,,0,2,19,5,2.00,0,0,0,0.00,-0.28,0.4,0.6,-0.2,-0.51,-0.40,Matches
65,Róbert Boženík,FW,sk Slovakia,24,1999,4,208,52,53.3,2.3,2,64,0,2,40,0,1.00,2,3,-1,-0.43,-0.43,2.0,3.6,-1.5,-0.77,-0.84,Matches
66,Volodymyr Brazhko,MF,ua Ukraine,22,2002,3,182,61,67.4,2.0,2,77,0,1,29,0,1.33,2,1,+1,+0.49,+3.56,2.2,1.4,+0.9,+0.43,+1.09,Matches
67,David Brekalo,MF,si Slovenia,25,1998,2,2,1,0.5,0.0,0,,0,2,1,2,1.00,0,1,-1,-45.00,-45.23,0.0,0.2,-0.2,-10.78,-10.18,Matches
68,Brian Brobbey,FW,nl Netherlands,21,2002,1,1,1,0.2,0.0,0,,0,1,1,4,0.00,0,0,0,0.00,-0.50,0.0,0.0,0.0,0.00,-0.26,Matches
69,Armando Broja,FW,al Albania,22,2001,2,108,54,40.0,1.2,1,76,0,1,32,1,0.00,1,2,-1,-0.83,-0.28,0.7,1.8,-1.1,-0.92,+0.26,Matches
70,Marcelo Brozović,MF,hr Croatia,31,1992,3,225,75,83.3,2.5,3,75,2,0,,0,0.67,1,5,-4,-1.60,-3.60,3.3,3.8,-0.5,-0.19,-3.78,Matches
71,Jacob Bruun Larsen,FW,dk Denmark,25,1998,1,10,10,2.8,0.1,0,,0,1,10,3,0.00,0,0,0,0.00,+0.51,0.1,0.4,-0.3,-2.49,-2.44,Matches
72,Ante Budimir,FW,hr Croatia,32,1991,3,122,41,45.2,1.4,1,55,0,2,34,0,0.67,3,5,-2,-1.48,-0.87,3.3,2.8,+0.5,+0.37,-0.13,Matches
73,Adam Buksa,FW,pl Poland,27,1996,2,149,75,55.2,1.7,2,75,1,0,,1,0.00,2,3,-1,-0.60,+0.88,2.4,2.1,+0.3,+0.18,+1.73,Matches
74,Alessandro Buongiorno,DF,it Italy,24,1999,0,,,,,0,,0,0,,4,,,,,,,,,,,,Matches
75,Andrei Burcă,DF,ro Romania,30,1993,4,360,90,100.0,4.0,4,90,4,0,,0,1.00,4,6,-2,-0.50,,3.5,6.1,-2.6,-0.66,,Matches
76,Heorhiy Bushchan,GK,ua Ukraine,29,1994,0,,,,,0,,0,0,,3,,,,,,,,,,,,Matches
77,Marcin Bułka,GK,pl Poland,24,1999,0,,,,,0,,0,0,,3,,,,,,,,,,,,Matches
78,Uğurcan Çakır,GK,tr Türkiye,27,1996,0,,,0.0,0.0,0,,0,0,,4,3.00,2,1,+1,,,,,,,,Matches
79,Riccardo Calafiori,DF,it Italy,21,2002,3,270,90,75.0,3.0,3,90,3,0,,0,1.33,3,3,0,0.00,+2.00,2.6,3.5,-0.9,-0.29,+0.24,Matches
80,Hakan Çalhanoğlu,MF,tr Türkiye,29,1994,4,355,89,78.9,3.9,4,89,2,0,,0,1.50,4,7,-3,-0.76,-3.60,5.3,5.6,-0.3,-0.08,+1.16,Matches
81,Eduardo Camavinga,MF,fr France,21,2002,4,169,42,29.6,1.9,1,90,0,3,26,2,1.25,0,1,-1,-0.53,-0.98,1.6,1.9,-0.3,-0.18,-1.11,Matches
82,Andrea Cambiaso,"FW,DF",it Italy,23,2000,3,76,25,21.1,0.8,0,,0,3,25,1,1.00,0,1,-1,-1.18,-0.87,0.2,1.4,-1.2,-1.46,-1.40,Matches
83,Emre Can,MF,de Germany,30,1994,4,102,26,21.3,1.1,1,45,0,3,19,1,2.25,2,1,+1,+0.88,-0.55,1.6,0.8,+0.8,+0.69,-0.39,Matches
84,João Cancelo,"DF,MF",pt Portugal,29,1994,4,345,86,67.6,3.8,4,86,0,0,,1,2.00,4,1,+3,+0.78,+1.33,5.5,2.3,+3.2,+0.83,-0.17,Matches
85,Yannick Carrasco,"DF,FW",be Belgium,30,1993,4,218,55,60.6,2.4,2,85,0,2,24,0,1.00,1,2,-1,-0.41,-1.05,2.6,2.5,+0.1,+0.05,-0.57,Matches
86,Dani Carvajal,DF,es Spain,32,1992,5,469,94,71.1,5.2,5,94,3,0,,1,3.00,11,3,+8,+1.54,+0.12,9.9,5.2,+4.7,+0.91,+0.35,Matches
87,Timothy Castagne,DF,be Belgium,28,1995,4,357,89,99.2,4.0,4,89,3,0,,0,1.00,2,2,0,0.00,0.00,4.4,3.4,+1.1,+0.27,-0.25,Matches
88,Koen Casteels,GK,be Belgium,31,1992,4,360,90,100.0,4.0,4,90,4,0,,0,1.00,2,2,0,0.00,,4.5,3.4,+1.1,+0.28,,Matches
89,Žan Celar,"FW,MF",si Slovenia,24,1999,3,67,22,17.2,0.7,0,,0,3,22,1,1.00,1,0,+1,+1.34,+1.62,0.8,1.3,-0.6,-1.41,-0.83,Matches
90,Zeki Çelik,"DF,MF",tr Türkiye,26,1997,3,105,35,23.3,1.2,1,90,1,2,8,2,1.00,1,3,-2,-1.71,-2.24,2.3,2.1,+0.1,+0.12,+0.58,Matches
91,Václav Černý,MF,cz Czechia,26,1997,1,54,54,20.0,0.6,1,54,0,0,,2,1.00,0,1,-1,-1.67,-1.25,1.7,0.8,+0.9,+1.45,+1.52,Matches
92,Lukáš Červ,MF,cz Czechia,22,2001,0,,,0.0,0.0,0,,0,0,,2,0.00,1,2,-1,,,,,,,,Matches
93,Giorgi Chakvetadze,"MF,FW",ge Georgia,24,1999,4,244,61,67.8,2.7,3,72,0,1,29,0,1.00,4,4,0,0.00,+2.33,3.0,5.2,-2.2,-0.81,+2.87,Matches
94,Federico Chiesa,"FW,MF",it Italy,26,1997,4,263,66,73.1,2.9,3,76,1,1,34,0,1.00,3,4,-1,-0.34,+0.59,2.7,3.0,-0.3,-0.11,+0.90,Matches
95,Tomáš Chorý,MF,cz Czechia,29,1995,2,36,18,13.3,0.4,0,,0,2,18,1,0.00,1,1,0,0.00,+0.77,1.0,0.6,+0.4,+1.02,+0.90,Matches
96,Andreas Christensen,DF,dk Denmark,27,1996,4,350,88,97.2,3.9,4,88,3,0,,0,0.75,2,4,-2,-0.51,-0.51,4.2,4.4,-0.2,-0.05,+2.44,Matches
97,Ryan Christie,"MF,FW",sct Scotland,28,1995,3,99,33,36.7,1.1,1,90,1,2,5,0,0.33,0,5,-5,-4.55,-4.55,0.2,2.8,-2.6,-2.59,-2.14,Matches
98,Mojmir Chytil,FW,cz Czechia,24,1999,3,107,36,39.6,1.2,1,54,0,2,27,0,0.33,1,3,-2,-1.68,-1.68,1.2,1.8,-0.6,-0.50,-1.23,Matches
99,Alexandru Cicâldău,MF,ro Romania,26,1997,1,19,19,5.3,0.2,0,,0,1,19,3,0.00,0,2,-2,-9.47,-9.47,0.0,1.1,-1.1,-5.32,-4.92,Matches
100,Zander Clark,GK,sct Scotland,31,1992,0,,,,,0,,0,0,,3,,,,,,,,,,,,Matches
101,Jonathan Clauss,"DF,FW",fr France,31,1992,0,,,,,0,,0,0,,6,,,,,,,,,,,,Matches
102,Florinel Coman,MF,ro Romania,25,1998,2,118,59,32.8,1.3,2,59,0,0,,1,2.00,4,1,+3,+2.29,+4.15,2.2,1.0,+1.2,+0.91,+2.34,Matches
103,Kingsley Coman,MF,fr France,27,1996,1,16,16,2.8,0.2,0,,0,1,16,5,1.00,0,0,0,0.00,-0.16,0.0,0.0,0.0,+0.08,-0.53,Matches
104,Francisco Conceição,"FW,MF",pt Portugal,21,2002,4,182,46,35.7,2.0,1,90,1,3,31,1,1.25,1,2,-1,-0.49,-1.32,5.0,2.5,+2.5,+1.83,+1.25,Matches
105,Tommy Conway,FW,sct Scotland,21,2002,0,,,,,0,,0,0,,3,,,,,,,,,,,,Matches
106,Liam Cooper,DF,sct Scotland,32,1991,0,,,,,0,,0,0,,3,,,,,,,,,,,,Matches
107,Diogo Costa,GK,pt Portugal,24,1999,5,510,102,100.0,5.7,5,102,5,0,,0,1.60,5,3,+2,+0.35,,9.5,4.5,+5.0,+1.00,+1.00,Matches
108,Vladimír Coufal,"DF,FW",cz Czechia,31,1992,3,270,90,100.0,3.0,3,90,3,0,,0,0.33,3,5,-2,-0.67,,5.1,4.3,+0.7,+0.24,,Matches
109,Bryan Cristante,MF,it Italy,28,1995,3,133,44,36.9,1.5,1,74,0,2,30,1,1.00,0,3,-3,-2.03,-2.43,0.8,2.4,-1.7,-1.12,-1.23,Matches
110,Kevin Csoboth,DF,hu Hungary,23,2000,2,9,5,3.3,0.1,0,,0,2,5,1,1.50,1,0,+1,+10.00,+11.38,1.1,0.2,+0.8,+8.32,+8.68,Matches
111,Marc Cucurella,DF,es Spain,25,1998,6,545,91,82.6,6.1,6,91,5,0,,1,3.00,12,4,+8,+1.32,-1.03,9.8,6.2,+3.7,+0.64,-0.77,Matches
112,Mirlind Daku,FW,al Albania,26,1998,1,6,6,2.2,0.1,0,,0,1,6,1,1.00,1,0,+1,+15.00,+16.02,0.5,0.2,+0.2,+3.71,+4.89,Matches
113,Diogo Dalot,"DF,MF",pt Portugal,24,1999,2,152,76,29.8,1.7,2,76,1,0,,3,1.50,0,3,-3,-1.78,-3.03,3.0,1.8,+1.2,+0.70,-0.26,Matches
114,Mikkel Damsgaard,FW,dk Denmark,23,2000,1,34,34,9.4,0.4,0,,0,1,34,3,1.00,0,0,0,0.00,+0.55,0.5,0.2,+0.3,+0.85,+1.07,Matches
115,Flavius Daniliuc,DF,at Austria,22,2001,0,,,,,0,,0,0,,4,,,,,,,,,,,,Matches
116,Kevin Danso,DF,at Austria,25,1998,3,212,71,58.9,2.4,2,90,2,1,32,1,1.00,3,3,0,0.00,-0.61,5.3,3.4,+1.9,+0.81,+1.56,Matches
117,Márton Dárdai,DF,hu Hungary,21,2002,3,175,58,64.8,1.9,2,82,1,1,12,0,1.00,0,3,-3,-1.54,-1.54,1.6,2.1,-0.5,-0.28,-0.59,Matches
118,Matteo Darmian,DF,it Italy,34,1989,3,161,54,44.7,1.8,2,77,0,1,8,1,1.33,0,3,-3,-1.68,-2.13,1.4,2.3,-0.9,-0.50,-0.28,Matches
119,Zuriko Davitashvili,"FW,MF",ge Georgia,22,2001,4,115,29,31.9,1.3,1,61,0,3,18,0,1.00,1,4,-3,-2.35,-2.35,1.4,6.1,-4.7,-3.71,-2.90,Matches
120,Paweł Dawidowicz,DF,pl Poland,28,1995,2,180,90,66.7,2.0,2,90,2,0,,1,0.50,2,4,-2,-1.00,0.00,2.8,4.4,-1.7,-0.83,-0.71,Matches
121,Kevin De Bruyne,MF,be Belgium,32,1991,4,360,90,100.0,4.0,4,90,4,0,,0,1.00,2,2,0,0.00,,4.5,3.4,+1.1,+0.28,,Matches
122,Maxim De Cuyper,"DF,MF",be Belgium,23,2000,0,,,,,0,,0,0,,4,,,,,,,,,,,,Matches
123,Charles De Ketelaere,FW,be Belgium,22,2001,1,3,3,0.8,0.0,0,,0,1,3,3,0.00,0,0,0,0.00,0.00,0.0,0.0,0.0,+0.52,+0.25,Matches
124,Vernon De Marco Morlacchi,DF,sk Slovakia,31,1992,0,,,,,0,,0,0,,4,,,,,,,,,,,,Matches
125,Zeno Debast,DF,be Belgium,20,2003,2,104,52,28.9,1.2,1,90,1,1,14,2,1.50,1,1,0,0.00,0.00,2.2,0.9,+1.2,+1.07,+1.12,Matches
126,Thomas Delaney,MF,dk Denmark,32,1991,3,84,28,23.3,0.9,1,68,0,2,8,0,0.67,0,2,-2,-2.14,-2.14,0.9,2.4,-1.4,-1.55,-1.87,Matches
127,Ousmane Dembélé,"FW,MF",fr France,26,1997,5,361,72,63.3,4.0,4,77,0,1,54,1,1.20,3,3,0,0.00,-0.43,7.2,4.0,+3.2,+0.88,+0.67,Matches
128,Merih Demiral,DF,tr Türkiye,25,1998,4,208,52,46.2,2.3,2,90,2,2,14,0,2.25,5,2,+3,+1.30,+2.41,3.2,5.2,-1.9,-0.84,-0.96,Matches
129,Giovanni Di Lorenzo,"DF,FW",it Italy,30,1993,4,360,90,100.0,4.0,4,90,4,0,,0,1.00,3,5,-2,-0.50,,3.3,4.7,-1.4,-0.35,,Matches
130,Rúben Dias,DF,pt Portugal,26,1997,4,420,105,82.4,4.7,4,105,4,0,,1,2.00,5,1,+4,+0.86,+2.86,7.5,2.8,+4.7,+1.17,+0.96,Matches
131,Dénes Dibusz,GK,hu Hungary,33,1990,0,,,,,0,,0,0,,3,,,,,,,,,,,,Matches
132,Federico Dimarco,"DF,FW",it Italy,26,1997,3,228,76,63.3,2.5,3,76,1,0,,1,1.33,2,3,-1,-0.39,+0.29,2.1,3.2,-1.1,-0.43,-0.21,Matches
133,Berat Djimsiti,DF,al Albania,30,1993,3,270,90,100.0,3.0,3,90,3,0,,0,0.33,3,5,-2,-0.67,,2.4,5.7,-3.2,-1.07,,Matches
134,Jeremy Doku,"FW,MF",be Belgium,21,2002,4,320,80,88.9,3.6,4,80,1,0,,0,1.00,1,2,-1,-0.28,-2.53,3.7,2.5,+1.1,+0.31,+0.32,Matches
135,Kasper Dolberg,FW,dk Denmark,26,1997,2,40,20,11.1,0.4,0,,0,2,20,2,1.00,0,0,0,0.00,+0.56,0.1,0.2,-0.1,-0.20,-0.10,Matches
136,Gianluigi Donnarumma,GK,it Italy,24,1999,4,360,90,100.0,4.0,4,90,4,0,,0,1.00,3,5,-2,-0.50,,3.3,4.7,-1.4,-0.35,,Matches
137,David Doudera,FW,cz Czechia,25,1998,1,90,90,33.3,1.0,1,90,1,0,,2,0.00,1,2,-1,-1.00,-0.50,0.4,1.9,-1.4,-1.44,-2.52,Matches
138,Artem Dovbyk,FW,ua Ukraine,26,1997,3,246,82,91.1,2.7,3,82,2,0,,0,1.33,1,4,-3,-1.10,-4.85,2.6,2.6,+0.1,+0.03,-0.51,Matches
139,Denis Drăguș,FW,ro Romania,24,1999,4,291,73,80.8,3.2,4,73,0,0,,0,1.00,4,4,0,0.00,+2.61,3.1,4.4,-1.2,-0.38,+1.46,Matches
140,Radu Drăgușin,DF,ro Romania,21,2002,4,360,90,100.0,4.0,4,90,4,0,,0,1.00,4,6,-2,-0.50,,3.5,6.1,-2.6,-0.66,,Matches
141,Anders Dreyer,"FW,MF",dk Denmark,25,1998,0,,,,,0,,0,0,,4,,,,,,,,,,,,Matches
142,Vanja Drkušič,DF,si Slovenia,24,1999,4,390,98,100.0,4.3,4,98,4,0,,0,1.00,2,2,0,0.00,,3.2,6.1,-2.9,-0.71,-0.71,Matches
143,Kwadwo Duah,FW,ch Switzerland,26,1997,3,107,36,22.3,1.2,1,67,0,2,20,2,2.33,2,2,0,0.00,-0.97,1.6,2.0,-0.4,-0.36,-0.90,Matches
144,Martin Dúbravka,GK,sk Slovakia,35,1989,4,390,98,100.0,4.3,4,98,4,0,,0,1.00,4,5,-1,-0.23,,4.4,5.8,-1.4,-0.34,-0.34,Matches
145,Ondrej Duda,MF,sk Slovakia,29,1994,4,317,79,81.3,3.5,4,79,0,0,,0,1.00,4,2,+2,+0.57,+4.27,3.2,4.9,-1.7,-0.47,-0.85,Matches
146,Denzel Dumfries,DF,nl Netherlands,27,1996,5,449,90,83.1,5.0,5,90,4,0,,1,2.00,8,4,+4,+0.80,+1.79,6.2,5.5,+0.7,+0.15,-0.66,Matches
147,Lewis Dunk,DF,eng England,32,1991,0,,,,,0,,0,0,,7,,,,,,,,,,,,Matches
148,Dávid Ďuriš,"FW,MF",sk Slovakia,24,1999,2,23,12,5.9,0.3,0,,0,2,12,2,2.00,0,0,0,0.00,+0.25,0.0,0.1,-0.1,-0.35,-0.04,Matches
149,Lasha Dvali,DF,ge Georgia,28,1995,4,360,90,100.0,4.0,4,90,4,0,,0,1.00,5,8,-3,-0.75,,4.4,11.3,-6.9,-1.74,,Matches
150,Timi Elšnik,MF,si Slovenia,25,1998,4,359,90,92.1,4.0,4,90,1,0,,0,1.00,1,1,0,0.00,0.00,2.5,5.7,-3.2,-0.80,-1.71,Matches
151,Nico Elvedi,DF,ch Switzerland,27,1996,0,,,,,0,,0,0,,5,,,,,,,,,,,,Matches
152,Breel Embolo,FW,ch Switzerland,26,1997,5,296,59,61.7,3.3,3,83,0,2,24,0,1.80,5,1,+4,+1.22,+1.22,3.8,2.6,+1.2,+0.37,+0.06,Matches
153,Maximilian Entrup,FW,at Austria,26,1997,0,,,,,0,,0,0,,4,,,,,,,,,,,,Matches
154,Christian Eriksen,"MF,FW",dk Denmark,31,1992,4,348,87,96.7,3.9,4,87,2,0,,0,0.75,2,4,-2,-0.52,-0.52,3.8,4.7,-0.8,-0.21,-2.64,Matches
155,Martin Erlic,DF,hr Croatia,26,1998,0,,,,,0,,0,0,,3,,,,,,,,,,,,Matches
156,Eberechi Eze,"DF,MF",eng England,25,1998,3,102,34,14.8,1.1,0,,0,3,34,4,1.67,3,0,+3,+2.65,+2.80,1.0,1.9,-0.9,-1.86,-1.84,Matches
157,Wout Faes,DF,be Belgium,25,1998,4,360,90,100.0,4.0,4,90,4,0,,0,1.00,2,2,0,0.00,,4.5,3.4,+1.1,+0.28,,Matches
158,Nicolò Fagioli,MF,it Italy,22,2001,2,95,48,26.4,1.1,1,85,0,1,10,2,0.50,1,2,-1,-0.95,-0.61,0.8,1.2,-0.4,-0.42,-0.10,Matches
159,João Félix,"MF,FW",pt Portugal,24,1999,2,105,53,20.6,1.2,1,90,1,1,15,3,0.50,0,2,-2,-1.71,-2.60,2.2,1.9,+0.3,+0.30,-0.70,Matches
160,Bruno Fernandes,MF,pt Portugal,29,1994,4,374,94,73.3,4.2,4,94,3,0,,1,2.00,5,1,+4,+0.96,+2.29,6.4,2.3,+4.1,+1.08,+0.61,Matches
161,Attila Fiola,DF,hu Hungary,33,1990,2,180,90,66.7,2.0,2,90,2,0,,1,0.00,1,5,-4,-2.00,-3.00,2.4,3.7,-1.3,-0.63,-1.69,Matches
162,Mark Flekken,GK,nl Netherlands,30,1993,0,,,,,0,,0,0,,6,,,,,,,,,,,,Matches
163,Phil Foden,"FW,MF",eng England,23,2000,7,617,88,89.4,6.9,7,88,1,0,,0,1.71,5,6,-1,-0.15,-3.84,4.9,5.4,-0.5,-0.08,+0.49,Matches
164,Youssouf Fofana,MF,fr France,25,1999,3,41,14,7.2,0.5,0,,0,3,14,3,1.67,0,0,0,0.00,-0.17,0.6,1.0,-0.4,-3.14,-3.81,Matches
165,Michael Folorunsho,FW,it Italy,25,1998,1,1,1,0.3,0.0,0,,0,1,1,3,3.00,0,0,0,0.00,+0.50,0.0,0.0,0.0,-3.78,-3.44,Matches
166,James Forrest,"FW,MF",sct Scotland,32,1991,0,,,,,0,,0,0,,3,,,,,,,,,,,,Matches
167,Przemysław Frankowski,DF,pl Poland,28,1995,3,270,90,100.0,3.0,3,90,3,0,,0,0.33,3,6,-3,-1.00,,4.1,5.9,-1.8,-0.60,,Matches
168,Davide Frattesi,MF,it Italy,24,1999,4,185,46,51.4,2.1,2,68,1,2,25,0,1.00,3,2,+1,+0.49,+2.03,2.1,2.3,-0.3,-0.14,+0.43,Matches
169,Remo Freuler,MF,ch Switzerland,31,1992,5,456,91,95.0,5.1,5,91,2,0,,0,1.80,7,4,+3,+0.59,-3.16,5.6,4.6,+1.0,+0.19,-3.12,Matches
170,Jeremie Frimpong,FW,nl Netherlands,23,2000,3,86,29,15.9,1.0,1,72,0,2,7,3,2.33,1,0,+1,+1.05,+0.65,0.6,2.1,-1.5,-1.52,-2.12,Matches
171,Chris Führich,FW,de Germany,26,1998,1,19,19,4.0,0.2,0,,0,1,19,4,3.00,0,0,0,0.00,-1.37,0.5,0.3,+0.2,+0.91,-0.09,Matches
172,Niclas Füllkrug,FW,de Germany,30,1993,5,166,33,34.6,1.8,0,,0,5,33,0,2.00,6,2,+4,+2.17,+1.31,4.1,1.8,+2.3,+1.51,+0.72,Matches
173,Mijat Gaćinović,DF,rs Serbia,28,1995,1,45,45,16.7,0.5,0,,0,1,45,2,1.00,1,1,0,0.00,+0.40,1.1,0.5,+0.5,+1.07,+1.47,Matches
174,Cody Gakpo,FW,nl Netherlands,24,1999,6,523,87,96.9,5.8,6,87,4,0,,0,1.67,8,7,+1,+0.17,-10.42,7.4,6.0,+1.4,+0.24,-0.67,Matches
175,Conor Gallagher,MF,eng England,23,2000,5,120,24,17.4,1.3,1,45,0,4,19,2,2.20,0,0,0,0.00,-0.32,1.3,1.0,+0.2,+0.19,+0.37,Matches
176,Federico Gatti,DF,it Italy,25,1998,0,,,,,0,,0,0,,4,,,,,,,,,,,,Matches
177,Dániel Gazdag,MF,hu Hungary,27,1996,1,4,4,1.5,0.0,0,,0,1,4,2,0.00,0,0,0,0.00,+1.02,0.3,0.1,+0.2,+3.88,+4.01,Matches
178,Lutsharel Geertruida,DF,nl Netherlands,23,2000,2,108,54,20.0,1.2,1,90,1,1,18,4,0.50,2,3,-1,-0.83,-1.67,1.7,0.9,+0.8,+0.67,+0.51,Matches
179,Billy Gilmour,MF,sct Scotland,22,2001,3,184,61,68.1,2.0,2,80,0,1,24,0,0.33,2,3,-1,-0.49,+3.70,0.6,1.7,-1.1,-0.55,+1.91,Matches
180,Olivier Giroud,FW,fr France,37,1986,4,59,15,10.4,0.7,0,,0,4,15,2,1.25,0,1,-1,-1.53,-1.88,0.4,0.9,-0.5,-0.70,-1.45,Matches
181,Klaus Gjasula,MF,al Albania,34,1989,1,19,19,7.0,0.2,0,,0,1,19,2,1.00,1,2,-1,-4.74,-4.38,0.5,1.2,-0.7,-3.44,-2.54,Matches
182,Adam Gnezda Čerin,MF,si Slovenia,24,1999,4,390,98,100.0,4.3,4,98,4,0,,0,1.00,2,2,0,0.00,,3.2,6.1,-2.9,-0.71,-0.71,Matches
183,Giorgi Gocholeishvili,DF,ge Georgia,22,2001,0,,,,,0,,0,0,,4,,,,,,,,,,,,Matches
184,Joe Gomez,DF,eng England,26,1997,0,,,,,0,,0,0,,7,,,,,,,,,,,,Matches
185,Anthony Gordon,FW,eng England,22,2001,1,2,2,0.3,0.0,0,,0,1,2,6,1.00,0,0,0,0.00,-0.26,0.1,0.0,+0.1,+2.94,+3.08,Matches
186,Jon Gorenc Stanković,MF,si Slovenia,28,1996,4,94,24,24.1,1.0,0,,0,4,24,0,1.00,2,1,+1,+0.96,+1.26,1.3,2.0,-0.8,-1.07,-0.49,Matches
187,Ryan Gravenberch,MF,nl Netherlands,21,2002,0,,,,,0,,0,0,,6,,,,,,,,,,,,Matches
188,Michael Gregoritsch,FW,at Austria,29,1994,4,126,32,35.0,1.4,1,58,0,3,23,0,1.50,2,2,0,0.00,-0.38,3.8,1.7,+2.2,+1.54,+2.11,Matches
189,Antoine Griezmann,"MF,FW",fr France,32,1991,6,394,66,69.1,4.4,4,84,2,2,30,0,1.50,2,1,+1,+0.23,+0.23,5.4,3.1,+2.3,+0.52,-0.23,Matches
190,Florian Grillitsch,MF,at Austria,28,1995,4,194,49,53.9,2.2,3,56,0,1,27,0,1.50,4,3,+1,+0.46,+0.46,3.9,3.6,+0.3,+0.13,-0.08,Matches
191,Álex Grimaldo,DF,es Spain,28,1995,2,115,58,17.4,1.3,1,90,1,1,25,5,3.00,3,0,+3,+2.35,+1.03,2.9,0.6,+2.3,+1.77,+1.17,Matches
192,Pascal Groß,MF,de Germany,32,1991,1,45,45,9.4,0.5,0,,0,1,45,4,3.00,2,1,+1,+2.00,+0.76,0.8,0.0,+0.8,+1.63,+0.69,Matches
193,Kamil Grosicki,MF,pl Poland,35,1988,1,16,16,5.9,0.2,0,,0,1,16,2,0.00,0,1,-1,-5.63,-4.92,0.3,1.2,-0.9,-5.31,-5.01,Matches
194,Marco Grüll,"FW,MF",at Austria,25,1998,0,,,,,0,,0,0,,4,,,,,,,,,,,,Matches
195,Nemanja Gudelj,MF,rs Serbia,32,1991,2,90,45,33.3,1.0,2,45,0,0,,1,0.50,0,1,-1,-1.00,-1.00,0.1,0.8,-0.7,-0.70,-0.82,Matches
196,Marc Guéhi,DF,eng England,23,2000,6,570,95,82.6,6.3,6,95,6,0,,0,1.83,7,5,+2,+0.32,+0.32,5.4,5.6,-0.2,-0.03,+0.46,Matches
197,Luka Gugeshashvili,GK,ge Georgia,24,1999,0,,,,,0,,0,0,,4,,,,,,,,,,,,Matches
198,Péter Gulácsi,GK,hu Hungary,33,1990,3,270,90,100.0,3.0,3,90,3,0,,0,1.00,2,5,-3,-1.00,,3.7,3.9,-0.2,-0.07,,Matches
199,Arda Güler,"FW,MF",tr Türkiye,18,2005,5,340,68,75.6,3.8,4,80,1,1,21,0,1.80,6,5,+1,+0.26,+1.08,5.2,5.8,-0.6,-0.16,+0.66,Matches
200,İlkay Gündoğan,MF,de Germany,33,1990,5,383,77,79.8,4.3,5,77,2,0,,0,2.00,9,3,+6,+1.41,+0.48,6.9,3.0,+4.0,+0.93,-0.33,Matches
201,Angus Gunn,GK,sct Scotland,28,1996,3,270,90,100.0,3.0,3,90,3,0,,0,0.33,2,7,-5,-1.67,,0.9,4.4,-3.5,-1.16,,Matches
202,Mert Günok,GK,tr Türkiye,34,1989,4,360,90,80.0,4.0,4,90,4,0,,0,2.25,8,5,+3,+0.75,+3.75,6.6,7.1,-0.5,-0.12,+1.03,Matches
203,Joško Gvardiol,DF,hr Croatia,22,2002,3,270,90,100.0,3.0,3,90,3,0,,0,0.67,3,6,-3,-1.00,,5.7,4.4,+1.3,+0.44,,Matches
204,Giorgi Gwelesiani,DF,ge Georgia,32,1991,3,162,54,45.0,1.8,2,77,0,1,9,1,1.33,3,3,0,0.00,+1.36,2.0,3.2,-1.2,-0.66,+1.96,Matches
205,Norbert Gyömbér,DF,sk Slovakia,31,1992,2,32,16,8.2,0.4,0,,0,2,16,2,0.50,0,2,-2,-5.63,-5.88,0.9,0.5,+0.4,+18.96,+19.38,Matches
206,Ianis Hagi,MF,ro Romania,25,1998,4,188,47,52.2,2.1,2,68,0,2,26,0,1.00,1,3,-2,-0.96,-0.96,2.0,3.6,-1.6,-0.76,-0.21,Matches
207,Dávid Hancko,DF,sk Slovakia,26,1997,4,366,92,93.8,4.1,4,92,3,0,,0,1.00,4,4,0,0.00,+3.75,4.2,5.4,-1.2,-0.33,-0.09,Matches
208,Grant Hanley,DF,sct Scotland,32,1991,3,225,75,83.3,2.5,2,90,2,1,45,0,0.33,2,4,-2,-0.80,+5.20,0.9,3.2,-2.3,-0.90,+1.55,Matches
209,Lukáš Haraslín,FW,sk Slovakia,27,1996,4,264,66,67.7,2.9,4,66,0,0,,0,1.00,4,2,+2,+0.68,+2.82,3.1,4.2,-1.1,-0.39,-0.23,Matches
210,Kai Havertz,"FW,MF",de Germany,24,1999,5,389,78,81.0,4.3,5,78,2,0,,0,2.00,8,2,+6,+1.39,+0.40,8.0,2.9,+5.0,+1.16,+0.85,Matches
211,Niklas Hedl,GK,at Austria,22,2001,0,,,,,0,,0,0,,4,,,,,,,,,,,,Matches
212,Dean Henderson,GK,eng England,26,1997,0,,,,,0,,0,0,,7,,,,,,,,,,,,Matches
213,Jack Hendry,DF,sct Scotland,28,1995,3,261,87,96.7,2.9,3,87,2,0,,0,0.33,2,7,-5,-1.72,-1.72,0.9,4.4,-3.5,-1.16,,Matches
214,Benjamin Henrichs,DF,de Germany,26,1997,1,10,10,2.1,0.1,0,,0,1,10,4,3.00,0,0,0,0.00,-1.34,0.4,0.1,+0.3,+2.49,+1.52,Matches
215,Mads Hermansen,GK,dk Denmark,23,2000,0,,,,,0,,0,0,,4,,,,,,,,,,,,Matches
216,Theo Hernández,DF,fr France,26,1997,6,570,95,100.0,6.3,6,95,6,0,,0,1.50,4,3,+1,+0.16,,9.0,5.2,+3.8,+0.63,+0.63,Matches
217,Morten Hjulmand,MF,dk Denmark,24,1999,3,245,82,68.1,2.7,3,82,0,0,,0,1.00,2,2,0,0.00,+1.57,2.7,2.0,+0.7,+0.26,+1.19,Matches
218,Adam Hložek,MF,cz Czechia,21,2002,2,108,54,40.0,1.2,2,54,0,0,,1,0.50,0,2,-2,-1.67,-1.67,2.3,1.6,+0.7,+0.58,+0.57,Matches
219,Tomáš Holeš,DF,cz Czechia,30,1993,3,269,90,99.6,3.0,3,90,2,0,,0,0.33,3,5,-2,-0.67,-0.67,5.1,4.3,+0.7,+0.24,+0.24,Matches
220,Tomi Horvat,"FW,MF",si Slovenia,24,1999,0,,,,,0,,0,0,,4,,,,,,,,,,,,Matches
221,Krisztofer Horváth,MF,hu Hungary,22,2002,0,,,,,0,,0,0,,3,,,,,,,,,,,,Matches
222,Arbër Hoxha,"FW,MF",al Albania,25,1998,3,50,17,18.5,0.6,0,,0,3,17,0,0.33,1,0,+1,+1.80,+3.03,1.0,0.5,+0.5,+0.93,+2.45,Matches
223,Robin Hranáč,DF,cz Czechia,24,2000,3,270,90,100.0,3.0,3,90,3,0,,0,0.33,3,5,-2,-0.67,,5.1,4.3,+0.7,+0.24,,Matches
224,Patrik Hrošovský,MF,sk Slovakia,31,1992,0,,,,,0,,0,0,,4,,,,,,,,,,,,Matches
225,Elseid Hysaj,DF,al Albania,29,1994,2,180,90,66.7,2.0,2,90,2,0,,1,0.50,3,4,-1,-0.50,+0.50,2.0,4.2,-2.2,-1.10,-0.07,Matches
226,Pierre Højbjerg,MF,dk Denmark,28,1995,4,353,88,98.1,3.9,4,88,3,0,,0,0.75,2,4,-2,-0.51,-0.51,4.3,4.8,-0.5,-0.13,-0.45,Matches
227,Rasmus Højlund,FW,dk Denmark,20,2003,4,286,72,79.4,3.2,4,72,0,0,,0,0.75,2,4,-2,-0.63,-0.63,3.5,4.0,-0.4,-0.13,-0.08,Matches
228,Ivan Ilić,MF,rs Serbia,22,2001,3,201,67,74.4,2.2,2,78,1,1,45,0,0.67,1,1,0,0.00,+1.30,1.8,2.3,-0.5,-0.21,-0.20,Matches
229,Josip Iličić,"FW,MF",si Slovenia,36,1988,2,31,16,7.9,0.3,0,,0,2,16,2,1.00,0,0,0,0.00,0.00,0.3,0.2,+0.1,+0.49,+1.20,Matches
230,Gonçalo Inácio,DF,pt Portugal,22,2001,2,118,59,23.1,1.3,1,90,1,1,28,3,1.50,2,2,0,0.00,-0.46,2.8,1.9,+1.0,+0.73,-0.20,Matches
231,Ardian Ismajli,DF,al Albania,27,1996,0,,,,,0,,0,0,,3,,,,,,,,,,,,Matches
232,Luka Ivanušec,MF,hr Croatia,25,1998,1,21,21,7.8,0.2,0,,0,1,21,2,1.00,0,1,-1,-4.29,-3.56,0.0,0.3,-0.3,-1.21,-1.80,Matches
233,Ivica Ivušić,GK,hr Croatia,28,1995,0,,,0.0,0.0,0,,0,0,,2,1.00,2,2,0,,,,,,,,Matches
234,Ryan Jack,"DF,MF",sct Scotland,31,1992,0,,,,,0,,0,0,,3,,,,,,,,,,,,Matches
235,Erik Janža,DF,si Slovenia,30,1993,3,269,90,69.0,3.0,3,90,2,0,,0,1.00,2,2,0,0.00,0.00,2.6,4.0,-1.4,-0.48,+0.58,Matches
236,Vitezslav Jaros,GK,cz Czechia,22,2001,0,,,0.0,0.0,0,,0,0,,2,0.00,1,2,-1,,,,,,,,Matches
237,Ardon Jashari,MF,ch Switzerland,21,2002,0,,,,,0,,0,0,,5,,,,,,,,,,,,Matches
238,Mathias Jensen,MF,dk Denmark,28,1996,0,,,,,0,,0,0,,4,,,,,,,,,,,,Matches
239,Jorginho,MF,it Italy,32,1991,3,215,72,59.7,2.4,3,72,1,0,,1,1.33,2,2,0,0.00,+1.24,2.4,2.4,0.0,-0.01,+0.84,Matches
240,Joselu,FW,es Spain,33,1990,2,90,45,13.6,1.0,1,71,0,1,19,5,3.00,2,0,+2,+2.00,+0.58,2.0,0.8,+1.3,+1.59,+0.87,Matches
241,Diogo Jota,"FW,MF",pt Portugal,27,1996,3,100,33,19.6,1.1,0,,0,3,33,2,1.33,2,0,+2,+1.80,+1.80,3.2,0.6,+2.6,+3.37,+2.88,Matches
242,Luka Jović,"MF,FW",rs Serbia,26,1997,3,102,34,37.8,1.1,0,,0,3,34,0,0.67,1,1,0,0.00,+0.54,1.0,0.9,+0.2,+0.16,+0.50,Matches
243,Josip Juranović,DF,hr Croatia,28,1995,2,91,46,33.7,1.0,1,90,1,1,1,1,1.00,2,3,-1,-0.99,+0.02,2.6,1.6,+1.1,+1.06,+0.93,Matches
244,David Jurásek,DF,cz Czechia,23,2000,2,160,80,59.3,1.8,2,80,0,0,,1,0.50,2,2,0,0.00,+1.64,4.6,1.9,+2.7,+1.50,+3.11,Matches
245,Matěj Jurásek,"DF,MF",cz Czechia,20,2003,2,46,23,17.0,0.5,0,,0,2,23,1,0.50,1,1,0,0.00,+0.80,1.4,0.7,+0.7,+1.32,+1.30,Matches
246,Mathias Jørgensen,DF,dk Denmark,33,1990,0,,,,,0,,0,0,,4,,,,,,,,,,,,Matches
247,Ferdi Kadioglu,"DF,MF",tr Türkiye,24,1999,5,450,90,100.0,5.0,5,90,5,0,,0,1.80,8,8,0,0.00,,7.3,8.9,-1.6,-0.32,,Matches
248,İrfan Kahveci,FW,tr Türkiye,28,1995,1,8,8,1.8,0.1,0,,0,1,8,2,3.00,0,0,0,0.00,0.00,0.1,1.0,-0.9,-10.16,-10.02,Matches
249,Florian Kainz,"FW,MF",at Austria,31,1992,0,,,,,0,,0,0,,4,,,,,,,,,,,,Matches
250,Otar Kakabadze,"DF,MF",ge Georgia,28,1995,4,360,90,100.0,4.0,4,90,4,0,,0,1.00,5,8,-3,-0.75,,4.4,11.3,-6.9,-1.74,,Matches
251,Thomas Kaminski,GK,be Belgium,31,1992,0,,,,,0,,0,0,,4,,,,,,,,,,,,Matches
252,Harry Kane,FW,eng England,30,1993,7,601,86,87.1,6.7,7,86,2,0,,0,1.71,6,5,+1,+0.15,-0.86,5.2,5.3,-0.1,-0.01,+0.91,Matches
253,N'Golo Kanté,MF,fr France,32,1991,6,511,85,89.6,5.7,6,85,4,0,,0,1.50,4,2,+2,+0.35,+1.88,8.3,4.3,+4.0,+0.74,+0.95,Matches
254,Ahmetcan Kaplan,DF,tr Türkiye,21,2003,0,,,,,0,,0,0,,5,,,,,,,,,,,,Matches
255,Žan Karničnik,DF,si Slovenia,29,1994,4,390,98,100.0,4.3,4,98,4,0,,0,1.00,2,2,0,0.00,,3.2,6.1,-2.9,-0.71,-0.71,Matches
256,Guram Kashia,DF,ge Georgia,36,1987,4,360,90,100.0,4.0,4,90,4,0,,0,1.00,5,8,-3,-0.75,,4.4,11.3,-6.9,-1.74,,Matches
257,Elhan Kastrati,GK,al Albania,26,1997,0,,,,,0,,0,0,,3,,,,,,,,,,,,Matches
258,Mihály Kata,MF,hu Hungary,21,2002,0,,,,,0,,0,0,,3,,,,,,,,,,,,Matches
259,Liam Kelly,GK,sct Scotland,28,1996,0,,,,,0,,0,0,,3,,,,,,,,,,,,Matches
260,Milos Kerkez,DF,hu Hungary,20,2003,3,237,79,87.8,2.6,3,79,0,0,,0,1.00,1,4,-3,-1.14,-1.14,2.6,2.7,-0.1,-0.03,+0.36,Matches
261,Semih Kılıçsoy,FW,tr Türkiye,18,2005,1,2,2,0.4,0.0,0,,0,1,2,4,0.00,0,0,0,0.00,0.00,0.3,0.1,+0.2,+9.91,+10.28,Matches
262,Joshua Kimmich,DF,de Germany,28,1995,5,480,96,100.0,5.3,5,96,5,0,,0,2.00,11,4,+7,+1.31,,9.7,4.4,+5.3,+1.07,+1.07,Matches
263,Otar Kiteishvili,MF,ge Georgia,27,1996,2,130,65,36.1,1.4,2,65,1,0,,2,1.50,3,1,+2,+1.38,+3.34,1.7,3.0,-1.3,-0.91,+1.29,Matches
264,Jakub Kiwior,DF,pl Poland,23,2000,3,270,90,100.0,3.0,3,90,3,0,,0,0.33,3,6,-3,-1.00,,4.1,5.9,-1.8,-0.60,,Matches
265,Simon Kjær,DF,dk Denmark,34,1989,0,,,,,0,,0,0,,4,,,,,,,,,,,,Matches
266,László Kleinheisler,MF,hu Hungary,29,1994,2,51,26,18.9,0.6,0,,0,2,26,0,1.00,1,2,-1,-1.76,-0.94,0.3,1.6,-1.3,-2.29,-2.73,Matches
267,Gregor Kobel,GK,ch Switzerland,26,1997,0,,,,,0,,0,0,,5,,,,,,,,,,,,Matches
268,Robin Koch,"DF,MF",de Germany,27,1996,0,,,,,0,,0,0,,5,,,,,,,,,,,,Matches
269,Giorgi Kochorashvili,MF,ge Georgia,24,1999,4,360,90,100.0,4.0,4,90,4,0,,0,1.00,5,8,-3,-0.75,,4.4,11.3,-6.9,-1.74,,Matches
270,Orkun Kökçü,MF,tr Türkiye,23,2000,4,221,55,49.1,2.5,3,72,1,1,4,0,2.25,6,4,+2,+0.81,+1.60,4.8,4.1,+0.7,+0.28,+1.19,Matches
271,Randal Kolo Muani,FW,fr France,25,1998,5,201,40,35.3,2.2,2,74,0,3,18,1,1.60,2,2,0,0.00,-0.24,1.9,1.8,+0.1,+0.05,-0.84,Matches
272,Ibrahima Konaté,DF,fr France,24,1999,0,,,,,0,,0,0,,6,,,,,,,,,,,,Matches
273,Yukhym Konoplia,DF,ua Ukraine,24,1999,1,71,71,26.3,0.8,1,71,0,0,,2,0.00,0,3,-3,-3.80,-4.26,0.4,1.1,-0.7,-0.92,-1.34,Matches
274,Ezri Konsa,DF,eng England,26,1997,3,93,31,13.5,1.0,1,77,0,2,8,4,2.33,0,1,-1,-0.97,-1.42,0.4,1.3,-0.9,-1.04,-1.02,Matches
275,Sebastián Kóša,DF,sk Slovakia,20,2003,0,,,,,0,,0,0,,4,,,,,,,,,,,,Matches
276,Filip Kostić,DF,rs Serbia,31,1992,1,42,42,15.6,0.5,1,42,0,0,,1,0.00,0,1,-1,-2.14,-2.14,0.1,0.3,-0.2,-0.48,-0.39,Matches
277,Jules Koundé,DF,fr France,25,1998,6,570,95,100.0,6.3,6,95,6,0,,0,1.50,4,3,+1,+0.16,,9.0,5.2,+3.8,+0.63,+0.63,Matches
278,Mateo Kovačić,MF,hr Croatia,29,1994,3,223,74,82.6,2.5,3,74,1,0,,0,0.67,3,5,-2,-0.81,+1.11,4.8,4.0,+0.8,+0.33,-0.65,Matches
279,Matej Kovar,GK,cz Czechia,23,2000,1,36,36,13.3,0.4,0,,0,1,36,2,0.00,1,1,0,0.00,+0.77,1.0,0.6,+0.4,+1.02,+0.90,Matches
280,Andrej Kramarić,FW,hr Croatia,32,1991,3,243,81,90.0,2.7,3,81,0,0,,0,0.67,3,4,-1,-0.37,+6.30,4.6,3.7,+0.9,+0.32,-1.19,Matches
281,Ladislav Krejčí,DF,cz Czechia,24,1999,3,270,90,100.0,3.0,3,90,3,0,,0,0.33,3,5,-2,-0.67,,5.1,4.3,+0.7,+0.24,,Matches
282,Rasmus Kristensen,"DF,MF",dk Denmark,26,1997,0,,,,,0,,0,0,,4,,,,,,,,,,,,Matches
283,Toni Kroos,MF,de Germany,34,1990,5,469,94,97.7,5.2,5,94,4,0,,0,2.00,10,3,+7,+1.34,+1.34,9.6,4.4,+5.3,+1.08,+0.92,Matches
284,Jan Kuchta,FW,cz Czechia,27,1997,2,95,48,35.2,1.1,1,59,0,1,36,1,0.00,1,1,0,0.00,+1.03,1.1,1.6,-0.5,-0.49,-1.13,Matches
285,Juraj Kucka,MF,sk Slovakia,36,1987,4,350,88,89.7,3.9,4,88,3,0,,0,1.00,4,3,+1,+0.26,+4.76,3.5,5.3,-1.8,-0.47,-1.48,Matches
286,Marash Kumbulla,DF,al Albania,23,2000,0,,,,,0,,0,0,,3,,,,,,,,,,,,Matches
287,Jasmin Kurtić,FW,si Slovenia,35,1989,1,1,1,0.3,0.0,0,,0,1,1,3,1.00,0,0,0,0.00,0.00,0.0,0.0,0.0,0.00,+0.66,Matches
288,Khvicha Kvaratskhelia,FW,ge Georgia,22,2001,4,342,86,95.0,3.8,4,86,2,0,,0,1.00,5,8,-3,-0.79,-0.79,4.1,10.2,-6.0,-1.58,+3.05,Matches
289,Nika Kvekveskiri,MF,ge Georgia,31,1992,1,12,12,3.3,0.1,0,,0,1,12,3,0.00,0,1,-1,-7.50,-6.98,0.0,1.0,-1.0,-7.16,-5.61,Matches
290,Giorgi Kvilitaia,FW,ge Georgia,30,1993,1,3,3,0.8,0.0,0,,0,1,3,3,1.00,0,0,0,0.00,+0.76,0.2,0.0,+0.1,+4.24,+6.03,Matches
291,Saba Kvirkvelia,DF,ge Georgia,31,1992,3,180,60,50.0,2.0,2,83,0,1,15,1,1.33,2,3,-1,-0.50,+0.50,2.1,6.2,-4.1,-2.06,-0.65,Matches
292,Nediljko Labrović,GK,hr Croatia,24,1999,0,,,,,0,,0,0,,3,,,,,,,,,,,,Matches
293,Qazim Laçi,"MF,FW",al Albania,28,1996,3,163,54,60.4,1.8,2,70,0,1,23,0,0.33,1,1,0,0.00,+1.68,1.5,2.7,-1.2,-0.67,+1.02,Matches
294,Konrad Laimer,"MF,FW",at Austria,26,1997,4,270,68,75.0,3.0,3,81,1,1,28,0,1.50,4,5,-1,-0.33,-2.33,4.2,4.6,-0.4,-0.14,-1.22,Matches
295,Ádám Lang,DF,hu Hungary,31,1993,1,45,45,16.7,0.5,1,45,0,0,,2,0.00,0,2,-2,-4.00,-3.60,0.3,1.2,-0.8,-1.62,-1.85,Matches
296,Aymeric Laporte,DF,es Spain,29,1994,6,525,88,79.5,5.8,6,88,5,0,,1,3.00,12,4,+8,+1.37,-0.63,9.9,4.2,+5.7,+1.04,+0.94,Matches
297,Robin Le Normand,DF,es Spain,27,1996,6,442,74,67.0,4.9,5,79,3,1,45,0,3.00,9,2,+7,+1.43,-0.23,9.6,3.5,+6.1,+1.23,+1.29,Matches
298,Rafael Leão,FW,pt Portugal,24,1999,4,287,72,56.3,3.2,4,72,0,0,,0,2.00,2,1,+1,+0.31,-0.09,4.0,2.0,+2.1,+0.65,-0.54,Matches
299,Robert Lewandowski,FW,pl Poland,35,1988,2,121,61,44.8,1.3,1,90,1,1,31,1,0.50,1,3,-2,-1.49,-0.88,1.7,3.8,-2.1,-1.55,-1.73,Matches
300,Philipp Lienhart,DF,at Austria,27,1996,3,214,71,59.4,2.4,3,71,1,0,,1,2.00,5,4,+1,+0.42,+0.42,4.1,3.9,+0.2,+0.07,-0.24,Matches
301,Matthijs de Ligt,DF,nl Netherlands,24,1999,0,,,,,0,,0,0,,6,,,,,,,,,,,,Matches
302,Heinz Lindner,GK,at Austria,33,1990,0,,,,,0,,0,0,,4,,,,,,,,,,,,Matches
303,Ondřej Lingr,"MF,FW",cz Czechia,25,1998,3,83,28,30.7,0.9,0,,0,3,28,0,0.33,2,3,-1,-1.08,-0.60,1.9,1.6,+0.4,+0.41,+0.25,Matches
304,Dominik Livaković,GK,hr Croatia,29,1995,3,270,90,100.0,3.0,3,90,3,0,,0,0.67,3,6,-3,-1.00,,5.7,4.4,+1.3,+0.44,,Matches
305,Stanislav Lobotka,MF,sk Slovakia,29,1994,4,390,98,100.0,4.3,4,98,4,0,,0,1.00,4,5,-1,-0.23,,4.4,5.8,-1.4,-0.34,-0.34,Matches
306,Saba Lobzhanidze,FW,ge Georgia,29,1994,1,9,9,2.5,0.1,0,,0,1,9,3,1.00,0,0,0,0.00,+0.77,0.2,0.0,+0.1,+1.41,+3.23,Matches
307,Luka Lochoshvili,"DF,MF",ge Georgia,25,1998,4,170,43,47.2,1.9,2,62,0,2,23,0,1.00,3,3,0,0.00,+1.42,2.2,3.9,-1.7,-0.92,+1.54,Matches
308,Fermin López,MF,es Spain,20,2003,1,29,29,4.4,0.3,0,,0,1,29,6,3.00,0,0,0,0.00,-1.57,0.2,0.4,-0.2,-0.53,-1.40,Matches
309,Giorgi Loria,GK,ge Georgia,38,1986,0,,,,,0,,0,0,,3,,,,,,,,,,,,Matches
310,Sandi Lovrić,MF,si Slovenia,25,1998,0,,,,,0,,0,0,,4,,,,,,,,,,,,Matches
311,Romelu Lukaku,FW,be Belgium,30,1993,4,359,90,99.7,4.0,4,90,3,0,,0,1.00,2,2,0,0.00,0.00,4.4,3.2,+1.3,+0.32,+17.13,Matches
312,Dodi Lukebakio,"FW,DF",be Belgium,26,1997,3,65,22,18.1,0.7,1,55,0,2,5,0,1.00,1,0,+1,+1.38,+1.69,0.9,0.4,+0.4,+0.60,+0.40,Matches
313,Saša Lukić,MF,rs Serbia,27,1996,3,209,70,77.4,2.3,3,70,0,0,,0,0.67,0,1,-1,-0.43,-0.43,1.2,1.8,-0.7,-0.29,-0.62,Matches
314,Andriy Lunin,GK,ua Ukraine,24,1999,1,90,90,33.3,1.0,1,90,1,0,,2,0.00,0,3,-3,-3.00,-3.50,0.7,1.1,-0.3,-0.34,-0.62,Matches
315,Ian Maatsen,"DF,MF",nl Netherlands,21,2002,0,,,,,0,,0,0,,5,,,,,,,,,,,,Matches
316,Mike Maignan,GK,fr France,28,1995,6,570,95,100.0,6.3,6,95,6,0,,0,1.50,4,3,+1,+0.16,,9.0,5.2,+3.8,+0.63,+0.63,Matches
317,Kobbie Mainoo,MF,eng England,18,2005,6,368,61,53.3,4.1,4,80,0,2,25,1,1.83,2,4,-2,-0.49,-1.61,2.9,4.0,-1.1,-0.27,-0.30,Matches
318,Lovro Majer,"FW,MF",hr Croatia,26,1998,3,146,49,54.1,1.6,2,68,1,1,11,0,0.67,0,5,-5,-3.08,-4.53,2.4,3.0,-0.6,-0.40,-1.81,Matches
319,Nemanja Maksimović,MF,rs Serbia,29,1995,0,,,,,0,,0,0,,3,,,,,,,,,,,,Matches
320,Donyell Malen,FW,nl Netherlands,25,1999,4,190,48,35.2,2.1,2,58,0,2,37,2,1.50,5,3,+2,+0.95,+0.69,4.2,2.8,+1.3,+0.64,+0.58,Matches
321,Ruslan Malinovskyi,MF,ua Ukraine,30,1993,3,35,12,13.0,0.4,0,,0,3,12,0,1.33,0,0,0,0.00,+0.77,0.8,0.4,+0.5,+1.18,+1.27,Matches
322,Giorgi Mamardashvili,GK,ge Georgia,23,2000,4,360,90,100.0,4.0,4,90,4,0,,0,1.00,5,8,-3,-0.75,,4.4,11.3,-6.9,-1.74,,Matches
323,Dennis Man,MF,ro Romania,25,1998,4,266,67,73.9,3.0,3,80,2,1,25,0,1.00,3,5,-2,-0.68,-0.68,2.3,4.8,-2.5,-0.85,-0.72,Matches
324,Rey Manaj,FW,al Albania,26,1997,3,156,52,57.8,1.7,2,71,0,1,14,0,0.33,1,3,-2,-1.15,-1.15,1.3,3.7,-2.4,-1.37,-0.69,Matches
325,Gianluca Mancini,DF,it Italy,27,1996,1,90,90,25.0,1.0,1,90,1,0,,3,0.00,0,2,-2,-2.00,-2.00,0.7,1.2,-0.5,-0.52,-0.24,Matches
326,Orel Mangala,MF,be Belgium,25,1998,4,133,33,36.9,1.5,1,56,0,3,26,0,1.00,1,2,-1,-0.68,-1.07,1.7,1.6,+0.1,+0.05,-0.36,Matches
327,Marius Marin,MF,ro Romania,25,1998,4,302,76,83.9,3.4,4,76,1,0,,0,1.00,4,3,+1,+0.30,+4.95,3.0,4.1,-1.1,-0.32,+2.10,Matches
328,Răzvan Marin,MF,ro Romania,27,1996,4,355,89,98.6,3.9,4,89,3,0,,0,1.00,4,6,-2,-0.51,-0.51,3.5,6.1,-2.6,-0.67,-0.67,Matches
329,Ádám Martin,"FW,DF",hu Hungary,29,1994,3,45,15,16.7,0.5,0,,0,3,15,0,1.00,1,1,0,0.00,+1.20,1.1,1.2,-0.1,-0.29,-0.26,Matches
330,Mykola Matviyenko,DF,ua Ukraine,27,1996,3,270,90,100.0,3.0,3,90,3,0,,0,1.33,2,4,-2,-0.67,,3.0,2.8,+0.2,+0.07,,Matches
331,Kylian Mbappé,FW,fr France,25,1998,5,464,93,81.4,5.2,5,93,3,0,,1,1.60,4,3,+1,+0.19,+0.19,7.3,4.5,+2.8,+0.54,-0.29,Matches
332,Ross McCrorie,"DF,GK",sct Scotland,25,1998,0,,,,,0,,0,0,,3,,,,,,,,,,,,Matches
333,John McGinn,"MF,FW",sct Scotland,29,1994,3,230,77,85.2,2.6,3,77,0,0,,0,0.33,1,4,-3,-1.17,+3.33,0.7,3.3,-2.6,-1.01,+1.03,Matches
334,Callum McGregor,MF,sct Scotland,30,1993,3,246,82,91.1,2.7,3,82,2,0,,0,0.33,1,5,-4,-1.46,+2.29,0.9,4.1,-3.2,-1.17,-0.10,Matches
335,Scott McKenna,DF,sct Scotland,27,1996,3,134,45,49.6,1.5,1,90,1,2,22,0,0.33,1,2,-1,-0.67,+1.98,0.7,1.6,-0.9,-0.60,+1.12,Matches
336,Kenny McLean,MF,sct Scotland,32,1992,3,44,15,16.3,0.5,0,,0,3,15,0,0.33,1,3,-2,-4.09,-2.90,0.4,1.3,-0.9,-1.80,-0.76,Matches
337,Scott McTominay,MF,sct Scotland,27,1996,3,270,90,100.0,3.0,3,90,3,0,,0,0.33,2,7,-5,-1.67,,0.9,4.4,-3.5,-1.16,,Matches
338,Anzor Mekvabishvili,MF,ge Georgia,22,2001,3,188,63,52.2,2.1,2,89,1,1,10,0,1.33,2,3,-1,-0.48,+0.57,2.3,6.4,-4.1,-1.96,-0.46,Matches
339,Memphis,"FW,MF",nl Netherlands,29,1994,6,457,76,84.6,5.1,6,76,1,0,,0,1.67,8,6,+2,+0.39,-0.69,7.0,5.4,+1.6,+0.31,+0.35,Matches
340,Nuno Mendes,DF,pt Portugal,21,2002,4,419,105,82.2,4.7,4,105,3,0,,1,2.00,4,1,+3,+0.64,+1.63,6.8,2.8,+3.9,+0.99,+0.35,Matches
341,Ferland Mendy,DF,fr France,28,1995,0,,,,,0,,0,0,,6,,,,,,,,,,,,Matches
342,Alex Meret,GK,it Italy,26,1997,0,,,,,0,,0,0,,4,,,,,,,,,,,,Matches
343,Mikel Merino,"MF,FW",es Spain,27,1996,7,182,26,27.6,2.0,1,90,1,6,15,0,3.00,3,1,+2,+0.99,-0.71,3.0,3.0,0.0,+0.02,-1.03,Matches
344,Valentin Mihaila,MF,ro Romania,23,2000,3,115,38,31.9,1.3,1,67,0,2,24,1,1.00,0,3,-3,-2.35,-2.72,0.5,2.8,-2.3,-1.83,-1.72,Matches
345,Enea Mihaj,DF,al Albania,25,1998,0,,,,,0,,0,0,,3,,,,,,,,,,,,Matches
346,Srđan Mijailović,DF,rs Serbia,30,1993,1,72,72,26.7,0.8,1,72,0,0,,2,1.00,0,0,0,0.00,+0.45,0.1,0.7,-0.6,-0.76,-0.83,Matches
347,Georges Mikautadze,FW,ge Georgia,23,2000,4,345,86,95.8,3.8,4,86,2,0,,0,1.00,5,7,-2,-0.52,+5.48,4.2,10.3,-6.1,-1.60,+3.28,Matches
348,Nikola Milenković,DF,rs Serbia,26,1997,3,270,90,100.0,3.0,3,90,3,0,,0,0.67,1,2,-1,-0.33,,2.1,2.6,-0.5,-0.15,,Matches
349,Sergej Milinković-Savić,MF,rs Serbia,28,1995,3,121,40,44.8,1.3,1,90,1,2,16,0,0.67,1,2,-1,-0.74,-0.74,1.0,1.0,0.0,-0.02,+0.25,Matches
350,Vanja Milinković-Savić,GK,rs Serbia,26,1997,0,,,,,0,,0,0,,3,,,,,,,,,,,,Matches
351,Mario Mitaj,DF,al Albania,20,2003,3,270,90,100.0,3.0,3,90,3,0,,0,0.33,3,5,-2,-0.67,,2.4,5.7,-3.2,-1.07,,Matches
352,Aleksandar Mitrović,FW,rs Serbia,29,1994,3,240,80,88.9,2.7,3,80,2,0,,0,0.67,1,2,-1,-0.37,-0.37,2.0,2.4,-0.4,-0.13,+0.17,Matches
353,Maximilian Mittelstädt,DF,de Germany,26,1997,4,304,76,63.3,3.4,3,80,2,1,64,1,1.75,8,3,+5,+1.48,+0.46,5.9,2.6,+3.3,+1.08,+0.18,Matches
354,Filip Mladenović,DF,rs Serbia,32,1991,3,111,37,41.1,1.2,1,45,0,2,33,0,0.67,0,0,0,0.00,+0.57,0.9,1.0,-0.2,-0.13,+0.03,Matches
355,Jan Mlakar,MF,si Slovenia,25,1998,4,295,74,75.6,3.3,4,74,0,0,,0,1.00,0,1,-1,-0.31,-1.25,1.9,4.0,-2.1,-0.64,+0.09,Matches
356,Jakub Moder,MF,pl Poland,24,1999,3,180,60,66.7,2.0,1,90,1,2,45,0,0.33,1,4,-3,-1.50,-1.50,2.8,4.3,-1.4,-0.71,-0.35,Matches
357,Luka Modrić,MF,hr Croatia,38,1985,3,233,78,86.3,2.6,3,78,1,0,,0,0.67,3,5,-2,-0.77,+1.66,4.8,4.2,+0.6,+0.24,-1.51,Matches
358,Vasile Mogos,DF,ro Romania,31,1992,1,37,37,10.3,0.4,1,37,0,0,,3,0.00,0,1,-1,-2.43,-2.15,0.2,0.4,-0.2,-0.47,+0.22,Matches
359,Horaţiu Moldovan,GK,ro Romania,26,1998,0,,,,,0,,0,0,,4,,,,,,,,,,,,Matches
360,Álvaro Morata,FW,es Spain,31,1992,7,449,64,68.0,5.0,6,72,0,1,19,0,3.00,10,2,+8,+1.60,+0.32,8.1,3.8,+4.3,+0.86,+0.17,Matches
361,Lewis Morgan,DF,sct Scotland,27,1996,1,2,2,0.7,0.0,0,,0,1,2,2,0.00,0,1,-1,-45.00,-43.66,0.1,0.8,-0.7,-29.67,-28.73,Matches
362,Ernest Muçi,FW,al Albania,22,2001,2,14,7,5.2,0.2,0,,0,2,7,1,0.00,0,0,0,0.00,+0.70,0.4,0.0,+0.4,+2.68,+3.96,Matches
363,Mykhailo Mudryk,"FW,MF",ua Ukraine,23,2001,2,174,87,64.4,1.9,2,87,1,0,,0,1.50,2,4,-2,-1.03,-1.03,2.2,1.9,+0.3,+0.16,+0.24,Matches
364,Mert Müldür,"DF,MF",tr Türkiye,24,1999,4,345,86,76.7,3.8,4,86,2,0,,1,2.25,7,5,+2,+0.52,+2.24,5.0,6.8,-1.8,-0.46,-0.58,Matches
365,Thomas Müller,"MF,FW",de Germany,34,1989,2,58,29,12.1,0.6,0,,0,2,29,3,1.50,2,2,0,0.00,-1.49,1.3,0.9,+0.4,+1.33,+0.35,Matches
366,Jamal Musiala,FW,de Germany,20,2003,5,419,84,87.3,4.7,5,84,1,0,,0,2.00,9,3,+6,+1.29,-0.19,8.4,3.9,+4.5,+1.04,+0.18,Matches
367,Yvon Mvogo,GK,ch Switzerland,29,1994,0,,,,,0,,0,0,,5,,,,,,,,,,,,Matches
368,Phillipp Mwene,DF,at Austria,30,1994,3,194,65,53.9,2.2,3,65,0,0,,1,1.00,1,3,-2,-0.93,-2.55,1.9,3.8,-1.9,-0.88,-2.26,Matches
369,Bohdan Mykhaylychenko,DF,ua Ukraine,26,1997,0,,,,,0,,0,0,,3,,,,,,,,,,,,Matches
370,Vitaliy Mykolenko,DF,ua Ukraine,24,1999,1,57,57,21.1,0.6,1,57,0,0,,2,1.00,0,0,0,0.00,+0.85,0.3,0.5,-0.2,-0.36,-0.54,Matches
371,Joakim Mæhle,"DF,MF",dk Denmark,26,1997,4,283,71,78.6,3.1,3,90,3,1,13,0,0.75,1,3,-2,-0.64,-0.64,2.7,4.1,-1.4,-0.44,-1.53,Matches
372,Nacho,DF,es Spain,34,1990,4,263,66,39.8,2.9,2,90,2,2,42,2,3.00,8,2,+6,+2.05,+0.92,4.4,5.3,-1.0,-0.37,-1.82,Matches
373,Ádám Nagy,MF,hu Hungary,28,1995,3,159,53,58.9,1.8,2,65,0,1,30,0,1.00,2,3,-1,-0.57,+1.06,3.0,2.2,+0.8,+0.43,+1.21,Matches
374,Zsolt Nagy,DF,hu Hungary,30,1993,2,21,11,7.8,0.2,0,,0,2,11,1,1.50,1,0,+1,+4.29,+5.73,1.1,0.5,+0.6,+2.51,+2.80,Matches
375,Jesús Navas,DF,es Spain,38,1985,3,157,52,23.8,1.7,2,74,1,1,10,4,3.00,4,1,+3,+1.72,+0.29,2.7,1.2,+1.5,+0.88,+0.10,Matches
376,Dan Ndoye,"MF,DF",ch Switzerland,23,2000,5,407,81,84.8,4.5,5,81,0,0,,0,1.80,7,3,+4,+0.88,+0.88,5.4,3.9,+1.5,+0.33,-0.06,Matches
377,Ionuț Nedelcearu,DF,ro Romania,27,1996,0,,,,,0,,0,0,,4,,,,,,,,,,,,Matches
378,Loïc Nego,"DF,MF",hu Hungary,33,1991,0,,,,,0,,0,0,,3,,,,,,,,,,,,Matches
379,Pedro Neto,"DF,FW",pt Portugal,23,2000,3,120,40,23.5,1.3,1,74,0,2,23,2,2.00,2,2,0,0.00,-0.46,2.8,1.7,+1.1,+0.84,-0.06,Matches
380,Manuel Neuer,GK,de Germany,37,1986,5,480,96,100.0,5.3,5,96,5,0,,0,2.00,11,4,+7,+1.31,,9.7,4.4,+5.3,+1.07,+1.07,Matches
381,João Neves,MF,pt Portugal,19,2004,2,77,39,15.1,0.9,1,74,0,1,3,3,1.50,0,2,-2,-2.34,-3.17,1.1,1.6,-0.5,-0.62,-1.77,Matches
382,Rúben Neves,MF,pt Portugal,26,1997,4,125,31,24.5,1.4,0,,0,4,31,1,1.25,1,1,0,0.00,-0.47,3.7,1.9,+1.8,+1.81,+1.13,Matches
383,Florin Niță,GK,ro Romania,36,1987,4,360,90,100.0,4.0,4,90,4,0,,0,1.00,4,6,-2,-0.50,,3.5,6.1,-2.6,-0.66,,Matches
384,Matheus Nunes,MF,pt Portugal,25,1998,2,18,9,3.5,0.2,0,,0,2,9,3,0.50,0,0,0,0.00,-0.37,1.3,0.0,+1.2,+6.86,+6.17,Matches
385,Christian Nørgaard,MF,dk Denmark,29,1994,3,38,13,10.6,0.4,0,,0,3,13,1,0.67,0,0,0,0.00,+0.56,0.7,0.4,+0.3,+0.70,+0.91,Matches
386,Adam Obert,DF,sk Slovakia,21,2002,2,25,13,6.4,0.3,0,,0,2,13,2,1.50,0,1,-1,-3.60,-3.60,0.2,0.4,-0.1,-0.51,-0.21,Matches
387,Jan Oblak,GK,si Slovenia,31,1993,4,390,98,100.0,4.3,4,98,4,0,,0,1.00,2,2,0,0.00,,3.2,6.1,-2.9,-0.71,-0.71,Matches
388,Noah Okafor,"FW,MF",ch Switzerland,23,2000,0,,,,,0,,0,0,,5,,,,,,,,,,,,Matches
389,Darius Olaru,MF,ro Romania,25,1998,2,26,13,7.2,0.3,0,,0,2,13,2,0.00,0,2,-2,-6.92,-6.92,0.5,0.9,-0.4,-1.48,-0.88,Matches
390,Dani Olmo,"MF,FW",es Spain,25,1998,6,432,72,65.5,4.8,3,83,1,3,61,1,3.00,9,3,+6,+1.25,-0.72,7.1,5.0,+2.0,+0.46,-0.89,Matches
391,Amadou Onana,MF,be Belgium,22,2001,4,360,90,100.0,4.0,4,90,4,0,,0,1.00,2,2,0,0.00,,4.5,3.4,+1.1,+0.28,,Matches
392,Loïs Openda,FW,be Belgium,23,2000,3,70,23,19.4,0.8,1,62,0,2,4,1,0.33,0,0,0,0.00,0.00,0.3,1.0,-0.7,-0.90,-1.46,Matches
393,Willi Orban,DF,hu Hungary,31,1992,3,270,90,100.0,3.0,3,90,3,0,,0,1.00,2,5,-3,-1.00,,3.7,3.9,-0.2,-0.07,,Matches
394,Mikel Oyarzabal,FW,es Spain,26,1997,7,201,29,30.5,2.2,1,61,0,6,23,0,3.00,5,2,+3,+1.34,-0.23,4.6,2.8,+1.8,+0.94,+0.18,Matches
395,Salih Özcan,MF,tr Türkiye,26,1998,4,155,39,34.4,1.7,2,61,0,2,17,1,2.25,3,3,0,0.00,0.00,2.0,3.7,-1.7,-0.96,-0.97,Matches
396,João Palhinha,MF,pt Portugal,28,1995,4,299,75,58.6,3.3,4,75,1,0,,1,1.25,2,1,+1,+0.30,-0.13,4.0,2.2,+1.8,+0.59,-0.62,Matches
397,Cole Palmer,"MF,FW",eng England,21,2002,5,149,30,21.6,1.7,0,,0,5,30,2,1.60,5,1,+4,+2.42,+2.75,2.0,1.9,0.0,+0.04,+0.20,Matches
398,Marco Pašalić,MF,hr Croatia,23,2000,0,,,,,0,,0,0,,3,,,,,,,,,,,,Matches
399,Mario Pašalić,"FW,MF",hr Croatia,28,1995,3,116,39,43.0,1.3,1,45,0,2,36,0,0.67,2,1,+1,+0.78,+3.11,3.3,1.0,+2.2,+1.72,+2.24,Matches
400,Rui Patrício,GK,pt Portugal,35,1988,0,,,,,0,,0,0,,5,,,,,,,,,,,,Matches
401,Benjamin Pavard,DF,fr France,27,1996,0,,,,,0,,0,0,,6,,,,,,,,,,,,Matches
402,Strahinja Pavlović,DF,rs Serbia,22,2001,3,270,90,100.0,3.0,3,90,3,0,,0,0.67,1,2,-1,-0.33,,2.1,2.6,-0.5,-0.15,,Matches
403,Pedri,MF,es Spain,21,2002,4,186,47,28.2,2.1,4,47,0,0,,1,3.00,6,1,+5,+2.42,+1.28,5.2,1.4,+3.8,+1.84,+1.44,Matches
404,Peter Pekarík,DF,sk Slovakia,37,1986,4,377,94,96.7,4.2,4,94,2,0,,0,1.00,4,5,-1,-0.24,-0.24,4.1,5.7,-1.5,-0.36,-1.37,Matches
405,Lorenzo Pellegrini,"FW,MF",it Italy,27,1996,4,218,55,60.6,2.4,3,67,0,1,16,0,1.00,2,2,0,0.00,+1.27,2.1,2.2,-0.1,-0.04,+0.77,Matches
406,Patrick Pentz,GK,at Austria,27,1997,4,360,90,100.0,4.0,4,90,4,0,,0,1.50,7,6,+1,+0.25,,6.9,6.3,+0.7,+0.17,,Matches
407,Pepe,DF,pt Portugal,40,1983,4,408,102,80.0,4.5,4,102,2,0,,1,2.00,5,1,+4,+0.88,+2.65,7.3,2.8,+4.4,+1.05,+0.65,Matches
408,Danilo Pereira,DF,pt Portugal,32,1991,1,90,90,17.6,1.0,1,90,1,0,,4,0.00,0,2,-2,-2.00,-2.86,2.0,1.6,+0.3,+0.35,-0.65,Matches
409,Ayoze Pérez,FW,es Spain,30,1993,1,13,13,2.0,0.1,0,,0,1,13,4,3.00,0,0,0,0.00,-1.53,0.4,0.1,+0.3,+2.15,+1.37,Matches
410,Ivan Perišić,"DF,FW",hr Croatia,34,1989,3,139,46,51.5,1.5,1,83,0,2,28,0,0.67,2,2,0,0.00,+2.06,3.3,1.4,+1.9,+1.20,+1.56,Matches
411,Bruno Petković,FW,hr Croatia,29,1994,2,87,44,32.2,1.0,1,68,0,1,19,1,0.50,0,1,-1,-1.03,-0.05,2.3,1.0,+1.3,+1.31,+1.28,Matches
412,Đorđe Petrović,GK,rs Serbia,24,1999,0,,,,,0,,0,0,,3,,,,,,,,,,,,Matches
413,Krzysztof Piątek,FW,pl Poland,28,1995,1,59,59,21.9,0.7,1,59,0,0,,2,0.00,1,1,0,0.00,+1.28,1.1,0.7,+0.4,+0.64,+1.58,Matches
414,Jordan Pickford,GK,eng England,29,1994,7,690,99,100.0,7.7,7,99,7,0,,0,1.71,8,6,+2,+0.26,,6.1,7.0,-1.0,-0.14,-0.14,Matches
415,Jakub Piotrowski,MF,pl Poland,26,1997,2,58,29,21.5,0.6,1,45,0,1,13,1,0.00,1,2,-1,-1.55,-0.70,1.9,0.7,+1.2,+1.90,+3.18,Matches
416,Marko Pjaca,"FW,MF",hr Croatia,28,1995,0,,,,,0,,0,0,,3,,,,,,,,,,,,Matches
417,Marin Pongračić,DF,hr Croatia,26,1997,2,180,90,66.7,2.0,2,90,2,0,,1,0.50,1,4,-3,-1.50,-1.50,3.1,2.9,+0.2,+0.08,-1.08,Matches
418,Ryan Porteous,DF,sct Scotland,24,1999,1,43,43,15.9,0.5,1,43,0,0,,0,0.00,0,2,-2,-4.19,-3.00,0.0,0.5,-0.5,-1.06,+0.12,Matches
419,Stefan Posch,DF,at Austria,26,1997,4,360,90,100.0,4.0,4,90,4,0,,0,1.50,7,6,+1,+0.25,,6.9,6.3,+0.7,+0.17,,Matches
420,Yussuf Poulsen,"FW,MF",dk Denmark,29,1994,4,57,14,15.8,0.6,0,,0,4,14,0,0.75,0,0,0,0.00,+0.59,0.7,0.7,0.0,+0.03,+0.18,Matches
421,Alexander Prass,DF,at Austria,22,2001,4,166,42,46.1,1.8,1,90,1,3,25,0,1.50,6,3,+3,+1.63,+2.55,5.0,2.5,+2.5,+1.38,+2.26,Matches
422,Lukáš Provod,MF,cz Czechia,27,1996,3,232,77,85.9,2.6,3,77,0,0,,0,0.33,3,3,0,0.00,+4.74,4.5,3.0,+1.5,+0.58,+2.45,Matches
423,Tymoteusz Puchacz,"DF,MF",pl Poland,25,1999,0,,,,,0,,0,0,,3,,,,,,,,,,,,Matches
424,George Pușcaș,FW,ro Romania,27,1996,2,40,20,11.1,0.4,0,,0,2,20,2,2.00,0,0,0,0.00,+0.56,0.0,0.4,-0.4,-0.89,-0.26,Matches
425,Leopold Querfeld,DF,at Austria,20,2003,1,27,27,7.5,0.3,0,,0,1,27,3,3.00,1,1,0,0.00,-0.27,0.1,0.2,-0.1,-0.24,-0.44,Matches
426,Adrien Rabiot,MF,fr France,28,1995,5,371,74,65.1,4.1,5,74,2,0,,0,1.60,4,2,+2,+0.49,+0.94,7.0,2.4,+4.7,+1.13,+1.54,Matches
427,Bogdan Racovitan,DF,ro Romania,23,2000,2,57,29,15.8,0.6,0,,0,2,29,2,1.50,0,2,-2,-3.16,-3.16,0.1,2.5,-2.4,-3.77,-3.69,Matches
428,Predrag Rajković,GK,rs Serbia,28,1995,3,270,90,100.0,3.0,3,90,3,0,,0,0.67,1,2,-1,-0.33,,2.1,2.6,-0.5,-0.15,,Matches
429,Anthony Ralston,DF,sct Scotland,25,1998,3,262,87,97.0,2.9,3,87,2,0,,0,0.33,2,6,-4,-1.37,+9.88,0.8,3.6,-2.8,-0.97,+6.45,Matches
430,Ylber Ramadani,MF,al Albania,27,1996,3,264,88,97.8,2.9,3,88,2,0,,0,0.33,2,5,-3,-1.02,-16.02,2.0,5.4,-3.5,-1.18,-4.89,Matches
431,Gonçalo Ramos,FW,pt Portugal,22,2001,1,25,25,4.9,0.3,0,,0,1,25,4,0.00,0,0,0,0.00,-0.37,1.2,0.1,+1.1,+4.04,+3.32,Matches
432,Aaron Ramsdale,GK,eng England,25,1998,0,,,,,0,,0,0,,7,,,,,,,,,,,,Matches
433,Giacomo Raspadori,FW,it Italy,23,2000,2,83,42,23.1,0.9,1,74,0,1,9,2,0.50,0,1,-1,-1.08,-0.76,0.9,1.2,-0.3,-0.31,+0.05,Matches
434,Andrei Ratiu,DF,ro Romania,25,1998,4,359,90,99.7,4.0,4,90,3,0,,0,1.00,4,6,-2,-0.50,-0.50,3.5,6.1,-2.7,-0.67,-2.18,Matches
435,Petar Ratkov,FW,rs Serbia,20,2003,0,,,,,0,,0,0,,3,,,,,,,,,,,,Matches
436,David Raum,DF,de Germany,25,1998,3,166,55,34.6,1.8,2,68,0,1,30,2,1.33,3,1,+2,+1.08,-0.35,3.4,1.6,+1.8,+0.96,-0.06,Matches
437,Henrich Ravas,GK,sk Slovakia,26,1997,0,,,,,0,,0,0,,4,,,,,,,,,,,,Matches
438,David Raya,GK,es Spain,28,1995,1,90,90,13.6,1.0,1,90,1,0,,6,3.00,1,0,+1,+1.00,-0.58,1.5,0.5,+1.0,+1.02,+0.25,Matches
439,Tijjani Reijnders,MF,nl Netherlands,25,1998,6,496,83,91.9,5.5,6,83,4,0,,0,1.67,8,6,+2,+0.36,-1.68,7.7,5.6,+2.1,+0.38,+1.42,Matches
440,Álex Remiro,GK,es Spain,28,1995,0,,,,,0,,0,0,,7,,,,,,,,,,,,Matches
441,Mateo Retegui,FW,it Italy,24,1999,4,152,38,42.2,1.7,1,90,1,3,21,0,1.00,1,1,0,0.00,+0.87,1.6,1.8,-0.2,-0.12,+0.40,Matches
442,Declan Rice,MF,eng England,25,1999,7,690,99,100.0,7.7,7,99,7,0,,0,1.71,8,6,+2,+0.26,,6.1,7.0,-1.0,-0.14,-0.14,Matches
443,Fabian Rieder,MF,ch Switzerland,21,2002,5,218,44,45.4,2.4,3,66,0,2,11,0,1.80,4,0,+4,+1.65,+1.65,2.8,1.4,+1.4,+0.56,+0.40,Matches
444,Tomas Rigo,MF,sk Slovakia,21,2002,0,,,,,0,,0,0,,4,,,,,,,,,,,,Matches
445,Andrew Robertson,DF,sct Scotland,29,1994,3,268,89,99.3,3.0,3,89,2,0,,0,0.33,2,6,-4,-1.34,+43.66,0.8,3.6,-2.8,-0.95,+28.73,Matches
446,Marek Rodák,GK,sk Slovakia,27,1996,0,,,,,0,,0,0,,4,,,,,,,,,,,,Matches
447,Rodri,MF,es Spain,27,1996,6,520,87,78.8,5.8,6,87,4,0,,0,3.00,12,3,+9,+1.56,+0.27,9.7,5.9,+3.8,+0.69,-0.45,Matches
448,Ricardo Rodríguez,DF,ch Switzerland,31,1992,5,480,96,100.0,5.3,5,96,5,0,,0,1.80,8,4,+4,+0.75,,6.7,4.9,+1.8,+0.37,+0.37,Matches
449,Taras Romanchuk,MF,pl Poland,32,1991,1,54,54,20.0,0.6,1,54,0,0,,2,0.00,1,1,0,0.00,+1.25,0.2,1.2,-1.0,-1.70,-1.38,Matches
450,Cristiano Ronaldo,FW,pt Portugal,38,1985,5,485,97,95.1,5.4,5,97,4,0,,0,1.60,5,3,+2,+0.37,+0.37,8.3,4.4,+3.9,+0.82,-0.37,Matches
451,Antonio Rüdiger,DF,de Germany,30,1993,5,480,96,100.0,5.3,5,96,5,0,,0,2.00,11,4,+7,+1.31,,9.7,4.4,+5.3,+1.07,+1.07,Matches
452,Fabián Ruiz Peña,MF,es Spain,27,1996,6,540,90,81.8,6.0,6,90,3,0,,1,3.00,12,4,+8,+1.33,-0.92,9.9,5.7,+4.2,+0.70,-0.60,Matches
453,Adrian Rus,MF,ro Romania,27,1996,2,21,11,5.8,0.2,0,,0,2,11,2,2.00,0,0,0,0.00,+0.53,0.0,0.4,-0.4,-1.64,-1.03,Matches
454,Frederik Rønnow,GK,dk Denmark,31,1992,0,,,,,0,,0,0,,4,,,,,,,,,,,,Matches
455,José Sá,GK,pt Portugal,31,1993,0,,,,,0,,0,0,,5,,,,,,,,,,,,Matches
456,Marcel Sabitzer,"FW,MF",at Austria,29,1994,4,360,90,100.0,4.0,4,90,4,0,,0,1.50,7,6,+1,+0.25,,6.9,6.3,+0.7,+0.17,,Matches
457,Bukayo Saka,"FW,DF",eng England,22,2001,7,632,90,91.6,7.0,7,90,3,0,,0,1.71,8,6,+2,+0.28,+0.28,5.5,6.5,-0.9,-0.14,-0.09,Matches
458,Bartosz Salamon,DF,pl Poland,32,1991,1,85,85,31.5,0.9,1,85,0,0,,2,0.00,1,2,-1,-1.06,-0.09,0.9,1.4,-0.5,-0.53,+0.10,Matches
459,William Saliba,DF,fr France,22,2001,6,570,95,100.0,6.3,6,95,6,0,,0,1.50,4,3,+1,+0.16,,9.0,5.2,+3.8,+0.63,+0.63,Matches
460,Roland Sallai,MF,hu Hungary,26,1997,3,266,89,98.5,3.0,3,89,2,0,,0,1.00,2,5,-3,-1.02,-1.02,3.4,3.8,-0.4,-0.13,-4.01,Matches
461,Lazar Samardzic,MF,rs Serbia,21,2002,2,54,27,20.0,0.6,1,45,0,1,9,1,1.00,1,0,+1,+1.67,+2.50,0.4,0.5,-0.1,-0.24,-0.11,Matches
462,Brice Samba,GK,fr France,29,1994,0,,,,,0,,0,0,,6,,,,,,,,,,,,Matches
463,Leroy Sané,FW,de Germany,28,1996,5,208,42,43.3,2.3,2,66,0,3,25,0,2.00,6,1,+5,+2.16,+1.50,4.0,2.0,+2.0,+0.88,-0.22,Matches
464,Leo Sauer,FW,sk Slovakia,18,2005,1,5,5,1.3,0.1,0,,0,1,5,3,0.00,0,0,0,0.00,+0.23,0.0,0.0,0.0,+0.55,+0.88,Matches
465,Gianluca Scamacca,FW,it Italy,25,1999,4,251,63,69.7,2.8,3,78,1,1,16,0,1.00,3,4,-1,-0.36,+0.47,2.3,3.0,-0.7,-0.24,+0.36,Matches
466,András Schäfer,MF,hu Hungary,24,1999,3,270,90,100.0,3.0,3,90,3,0,,0,1.00,2,5,-3,-1.00,,3.7,3.9,-0.2,-0.07,,Matches
467,Fabian Schär,DF,ch Switzerland,32,1991,5,480,96,100.0,5.3,5,96,5,0,,0,1.80,8,4,+4,+0.75,,6.7,4.9,+1.8,+0.37,+0.37,Matches
468,Patrik Schick,FW,cz Czechia,28,1996,2,127,64,47.0,1.4,2,64,0,0,,0,0.33,2,3,-1,-0.71,-0.08,2.8,1.9,+0.9,+0.64,+0.76,Matches
469,Nico Schlotterbeck,DF,de Germany,24,1999,2,120,60,25.0,1.3,1,90,1,1,30,2,1.33,4,2,+2,+1.50,+0.25,3.4,1.2,+2.2,+1.66,+0.88,Matches
470,Kasper Schmeichel,GK,dk Denmark,37,1986,4,360,90,100.0,4.0,4,90,4,0,,0,0.75,2,4,-2,-0.50,,4.3,4.8,-0.5,-0.12,,Matches
471,Romano Schmid,"FW,MF",at Austria,24,2000,4,145,36,40.3,1.6,2,67,0,2,6,0,1.50,3,3,0,0.00,-0.42,1.8,2.6,-0.8,-0.47,-1.06,Matches
472,Jerdy Schouten,MF,nl Netherlands,27,1997,6,500,83,92.6,5.6,6,83,4,0,,0,1.67,8,7,+1,+0.18,-4.32,6.8,6.4,+0.4,+0.08,-2.42,Matches
473,Ivan Schranz,FW,sk Slovakia,30,1993,4,331,83,84.9,3.7,4,83,0,0,,0,1.00,4,3,+1,+0.27,+3.32,3.5,5.2,-1.7,-0.47,-1.02,Matches
474,Taulant Seferi,FW,al Albania,27,1996,2,94,47,34.8,1.0,1,67,0,1,27,1,0.50,2,4,-2,-1.91,-1.91,0.7,2.9,-2.1,-2.03,-1.46,Matches
475,Matthias Seidl,MF,at Austria,23,2001,0,,,,,0,,0,0,,4,,,,,,,,,,,,Matches
476,Nicolas Seiwald,MF,at Austria,22,2001,4,360,90,100.0,4.0,4,90,4,0,,0,1.50,7,6,+1,+0.25,,6.9,6.3,+0.7,+0.17,,Matches
477,Matz Sels,GK,be Belgium,31,1992,0,,,,,0,,0,0,,4,,,,,,,,,,,,Matches
478,Nélson Semedo,DF,pt Portugal,30,1993,5,100,20,19.6,1.1,0,,0,5,20,0,1.60,1,0,+1,+0.90,+0.68,3.2,0.6,+2.6,+3.55,+3.07,Matches
479,Benjamin Šeško,FW,si Slovenia,20,2003,4,358,90,91.8,4.0,4,90,1,0,,0,1.00,2,1,+1,+0.25,+3.06,3.2,5.6,-2.5,-0.67,-0.08,Matches
480,Petr Ševčík,MF,cz Czechia,29,1994,2,22,11,8.1,0.2,0,,0,2,11,1,0.50,0,1,-1,-4.09,-3.73,0.3,0.9,-0.6,-2.60,-3.09,Matches
481,Stephan El Shaarawy,FW,it Italy,31,1992,1,45,45,12.5,0.5,1,45,0,0,,3,0.00,0,1,-1,-2.00,-1.71,0.0,1.0,-0.9,-1.85,-1.72,Matches
482,Lawrence Shankland,FW,sct Scotland,28,1995,3,25,8,9.3,0.3,0,,0,3,8,0,0.33,1,2,-1,-3.60,-2.13,0.2,0.9,-0.7,-2.49,-1.47,Matches
483,Mykola Shaparenko,MF,ua Ukraine,25,1998,3,220,73,81.5,2.4,3,73,0,0,,0,1.33,2,4,-2,-0.82,-0.82,2.0,2.4,-0.5,-0.18,-1.38,Matches
484,Xherdan Shaqiri,"MF,FW",ch Switzerland,32,1991,2,71,36,14.8,0.8,1,59,0,1,12,3,1.00,1,1,0,0.00,-0.88,1.2,0.2,+0.9,+1.42,+1.22,Matches
485,Luke Shaw,DF,eng England,28,1995,3,178,59,25.8,2.0,1,90,1,2,44,3,1.33,3,2,+1,+0.51,+0.33,1.0,2.6,-1.5,-0.92,-1.01,Matches
486,Levan Shengelia,"FW,MF",ge Georgia,28,1995,0,,,,,0,,0,0,,4,,,,,,,,,,,,Matches
487,Vincent Sierro,MF,ch Switzerland,28,1995,4,38,10,7.9,0.4,0,,0,4,10,1,2.00,1,0,+1,+2.37,+1.76,1.2,0.3,+1.0,+2.44,+2.26,Matches
488,Gabriel Sigua,MF,ge Georgia,18,2005,0,,,,,0,,0,0,,4,,,,,,,,,,,,Matches
489,António Silva,DF,pt Portugal,20,2003,2,73,37,14.3,0.8,1,65,0,1,8,3,1.50,0,2,-2,-2.47,-3.29,1.0,1.6,-0.6,-0.69,-1.84,Matches
490,Bernardo Silva,"FW,MF",pt Portugal,29,1994,4,420,105,82.4,4.7,4,105,4,0,,1,2.00,5,1,+4,+0.86,+2.86,7.5,2.8,+4.7,+1.17,+0.96,Matches
491,Unai Simón,GK,es Spain,26,1997,6,570,95,86.4,6.3,6,95,6,0,,1,3.00,14,4,+10,+1.58,+0.58,11.2,6.3,+4.9,+0.82,+0.05,Matches
492,Xavi Simons,"MF,FW",nl Netherlands,20,2003,6,454,76,84.1,5.0,5,80,1,1,56,0,1.67,9,6,+3,+0.59,+0.59,6.8,5.0,+1.9,+0.37,+0.69,Matches
493,Michał Skóraś,DF,pl Poland,23,2000,1,23,23,8.5,0.3,0,,0,1,23,2,1.00,1,0,+1,+3.91,+5.37,0.8,0.2,+0.6,+2.45,+3.33,Matches
494,Łukasz Skorupski,GK,pl Poland,32,1991,1,90,90,33.3,1.0,1,90,1,0,,2,1.00,1,1,0,0.00,+1.50,1.2,2.3,-1.1,-1.13,-0.80,Matches
495,Andreas Skov Olsen,"MF,FW",dk Denmark,24,1999,3,122,41,33.9,1.4,1,68,0,2,27,1,0.67,0,2,-2,-1.48,-1.48,1.5,2.4,-0.8,-0.62,-0.76,Matches
496,Milan Škriniar,DF,sk Slovakia,28,1995,4,390,98,100.0,4.3,4,98,4,0,,0,1.00,4,5,-1,-0.23,,4.4,5.8,-1.4,-0.34,-0.34,Matches
497,Bartosz Slisz,MF,pl Poland,24,1999,2,110,55,40.7,1.2,1,74,0,1,36,1,0.00,1,3,-2,-1.64,-1.07,2.4,1.1,+1.3,+1.06,+2.80,Matches
498,Yann Sommer,GK,ch Switzerland,35,1988,5,480,96,100.0,5.3,5,96,5,0,,0,1.80,8,4,+4,+0.75,,6.7,4.9,+1.8,+0.37,+0.37,Matches
499,Deian Sorescu,"MF,DF",ro Romania,26,1997,2,34,17,9.4,0.4,0,,0,2,17,2,0.50,0,0,0,0.00,+0.55,0.1,0.1,0.0,-0.07,+0.65,Matches
500,Borna Sosa,DF,hr Croatia,26,1998,1,7,7,2.6,0.1,0,,0,1,7,2,1.00,0,1,-1,-12.86,-12.17,0.2,0.5,-0.2,-3.18,-3.72,Matches
501,Tomáš Souček,MF,cz Czechia,28,1995,3,270,90,100.0,3.0,3,90,3,0,,0,0.33,3,5,-2,-0.67,,5.1,4.3,+0.7,+0.24,,Matches
502,Uroš Spajić,DF,rs Serbia,30,1993,0,,,,,0,,0,0,,3,,,,,,,,,,,,Matches
503,Andraž Šporar,FW,si Slovenia,29,1994,4,338,85,86.7,3.8,4,85,1,0,,0,1.00,2,2,0,0.00,0.00,2.9,4.8,-1.9,-0.51,+1.14,Matches
504,Nicolae Stanciu,"MF,FW",ro Romania,30,1993,4,353,88,98.1,3.9,4,88,2,0,,0,1.00,4,5,-1,-0.25,+12.60,3.5,5.7,-2.2,-0.57,+4.89,Matches
505,Jindřich Staněk,GK,cz Czechia,27,1996,3,234,78,86.7,2.6,3,78,2,0,,0,0.33,2,4,-2,-0.77,-0.77,4.1,3.8,+0.3,+0.12,-0.90,Matches
506,Josip Stanišić,DF,hr Croatia,23,2000,2,180,90,66.7,2.0,2,90,2,0,,1,0.50,1,4,-3,-1.50,-1.50,3.1,2.9,+0.2,+0.08,-1.08,Matches
507,Renato Steffen,DF,ch Switzerland,32,1991,1,1,1,0.2,0.0,0,,0,1,1,4,3.00,0,0,0,0.00,-0.75,0.0,0.0,0.0,0.00,-0.34,Matches
508,Taras Stepanenko,MF,ua Ukraine,34,1989,2,82,41,30.4,0.9,1,61,0,1,21,1,0.50,0,3,-3,-3.29,-3.77,0.8,1.4,-0.6,-0.68,-1.08,Matches
509,Leonidas Stergiou,DF,ch Switzerland,21,2002,3,48,16,10.0,0.5,0,,0,3,16,2,2.33,1,0,+1,+1.87,+1.25,1.2,0.7,+0.5,+0.90,+0.62,Matches
510,Petar Stojanović,MF,si Slovenia,28,1995,4,316,79,81.0,3.5,4,79,1,0,,0,1.00,1,1,0,0.00,0.00,2.0,4.3,-2.3,-0.65,+0.06,Matches
511,Nemanja Stojić,MF,rs Serbia,26,1998,0,,,,,0,,0,0,,3,,,,,,,,,,,,Matches
512,John Stones,DF,eng England,29,1994,7,690,99,100.0,7.7,7,99,7,0,,0,1.71,8,6,+2,+0.26,,6.1,7.0,-1.0,-0.14,-0.14,Matches
513,Thomas Strakosha,GK,al Albania,28,1995,3,270,90,100.0,3.0,3,90,3,0,,0,0.33,3,5,-2,-0.67,,2.4,5.7,-3.2,-1.07,,Matches
514,Dávid Strelec,FW,sk Slovakia,22,2001,4,182,46,46.7,2.0,2,65,0,2,26,0,1.00,2,2,0,0.00,+0.43,2.4,2.2,+0.2,+0.08,+0.74,Matches
515,Callum Styles,MF,hu Hungary,23,2000,1,60,60,22.2,0.7,1,60,0,0,,2,3.00,0,0,0,0.00,+1.29,0.4,0.0,+0.3,+0.49,+0.72,Matches
516,Luka Sučić,"FW,MF",hr Croatia,21,2002,3,140,47,51.9,1.6,1,69,0,2,36,0,0.67,3,1,+2,+1.29,+4.75,4.2,1.2,+2.9,+1.89,+3.02,Matches
517,Heorhiy Sudakov,MF,ua Ukraine,21,2002,3,262,87,97.0,2.9,3,87,2,0,,0,1.33,2,4,-2,-0.69,-0.69,2.7,2.8,-0.1,-0.03,-3.26,Matches
518,Pavel Šulc,MF,cz Czechia,23,2000,1,78,78,28.9,0.9,1,78,0,0,,2,0.00,1,1,0,0.00,+0.94,0.2,1.1,-0.9,-1.09,-1.87,Matches
519,Tomáš Suslov,"FW,MF",sk Slovakia,21,2002,4,126,32,32.3,1.4,0,,0,4,32,0,1.00,0,3,-3,-2.14,-2.82,1.3,1.5,-0.2,-0.21,+0.14,Matches
520,Adrian Șut,MF,ro Romania,24,1999,0,,,,,0,,0,0,,4,,,,,,,,,,,,Matches
521,Josip Šutalo,DF,hr Croatia,23,2000,3,270,90,100.0,3.0,3,90,3,0,,0,0.67,3,6,-3,-1.00,,5.7,4.4,+1.3,+0.44,,Matches
522,Oleksandr Svatok,DF,ua Ukraine,29,1994,1,80,80,29.6,0.9,1,80,0,0,,2,1.00,0,0,0,0.00,+0.95,0.5,0.7,-0.2,-0.26,-0.48,Matches
523,Karol Świderski,FW,pl Poland,27,1997,3,90,30,33.3,1.0,0,,0,3,30,0,0.33,1,3,-2,-2.00,-1.50,2.5,1.9,+0.6,+0.56,+1.74,Matches
524,Serhiy Sydorchuk,MF,ua Ukraine,32,1991,1,6,6,2.2,0.1,0,,0,1,6,2,3.00,0,0,0,0.00,+0.68,0.0,0.0,0.0,-0.46,-0.55,Matches
525,Attila Szalai,DF,hu Hungary,26,1998,2,95,48,35.2,1.1,1,78,0,1,17,1,1.50,2,2,0,0.00,+1.54,2.1,1.7,+0.3,+0.31,+0.59,Matches
526,Péter Szappanos,GK,hu Hungary,33,1990,0,,,,,0,,0,0,,3,,,,,,,,,,,,Matches
527,Wojciech Szczęsny,GK,pl Poland,33,1990,2,180,90,66.7,2.0,2,90,2,0,,1,0.00,2,5,-3,-1.50,-1.50,2.9,3.6,-0.7,-0.33,+0.80,Matches
528,Dominik Szoboszlai,MF,hu Hungary,23,2000,3,270,90,100.0,3.0,3,90,3,0,,0,1.00,2,5,-3,-1.00,,3.7,3.9,-0.2,-0.07,,Matches
529,Damian Szymański,MF,pl Poland,28,1995,0,,,,,0,,0,0,,3,,,,,,,,,,,,Matches
530,Sebastian Szymański,MF,pl Poland,24,1999,2,112,56,41.5,1.2,2,56,0,0,,1,0.50,1,2,-1,-0.80,+0.34,0.5,3.1,-2.6,-2.11,-2.59,Matches
531,Jemal Tabidze,DF,ge Georgia,27,1996,0,,,,,0,,0,0,,4,,,,,,,,,,,,Matches
532,Dušan Tadić,MF,rs Serbia,35,1988,3,156,52,57.8,1.7,1,81,0,2,38,0,0.67,0,1,-1,-0.58,-0.58,1.6,1.7,-0.1,-0.04,+0.26,Matches
533,Jonathan Tah,DF,de Germany,27,1996,4,319,80,66.5,3.5,4,80,2,0,,0,1.75,7,3,+4,+1.13,-0.55,5.1,2.3,+2.8,+0.79,-0.63,Matches
534,Maksym Talovierov,MF,ua Ukraine,23,2000,1,1,1,0.4,0.0,0,,0,1,1,2,3.00,0,0,0,0.00,+0.67,0.0,0.0,0.0,-1.36,-1.44,Matches
535,Stefan Târnovanu,GK,ro Romania,23,2000,0,,,,,0,,0,0,,4,,,,,,,,,,,,Matches
536,Greg Taylor,"DF,MF",sct Scotland,26,1997,0,,,,,0,,0,0,,3,,,,,,,,,,,,Matches
537,Aurélien Tchouaméni,MF,fr France,24,2000,5,470,94,82.5,5.2,5,94,4,0,,1,1.20,3,3,0,0.00,-0.90,6.8,4.4,+2.3,+0.48,-0.51,Matches
538,Marc-André ter Stegen,GK,de Germany,31,1992,0,,,,,0,,0,0,,5,,,,,,,,,,,,Matches
539,Arthur Theate,DF,be Belgium,23,2000,3,256,85,71.1,2.8,3,85,2,0,,1,1.33,1,1,0,0.00,0.00,2.3,2.4,-0.1,-0.05,-1.12,Matches
540,Marcus Thuram,FW,fr France,26,1997,4,260,65,45.6,2.9,3,75,1,1,35,2,2.00,1,0,+1,+0.35,+0.35,4.7,2.4,+2.3,+0.90,+0.51,Matches
541,Youri Tielemans,MF,be Belgium,26,1997,3,148,49,41.1,1.6,2,66,0,1,17,1,1.33,1,0,+1,+0.61,+1.03,1.9,1.0,+0.9,+0.55,+0.47,Matches
542,Kieran Tierney,DF,sct Scotland,26,1997,2,136,68,50.4,1.5,2,68,0,0,,0,0.50,1,5,-4,-2.65,-1.98,0.2,2.8,-2.6,-1.72,-1.12,Matches
543,Ivan Toney,"FW,MF",eng England,27,1996,3,45,15,6.5,0.5,0,,0,3,15,4,1.33,2,0,+2,+4.00,+4.00,0.8,1.2,-0.4,-12.95,-12.88,Matches
544,Ferrán Torres,"FW,MF",es Spain,23,2000,5,155,31,23.5,1.7,1,71,0,4,21,2,3.00,2,1,+1,+0.58,-1.20,2.6,2.2,+0.4,+0.31,-0.61,Matches
545,Cenk Tosun,FW,tr Türkiye,32,1991,2,25,13,5.6,0.3,0,,0,2,13,3,1.50,1,0,+1,+3.60,+3.81,1.1,0.3,+0.8,+2.74,+3.24,Matches
546,Gernot Trauner,DF,at Austria,31,1992,2,90,45,25.0,1.0,1,58,0,1,32,1,1.50,1,1,0,0.00,-0.33,0.8,2.2,-1.4,-1.37,-2.05,Matches
547,Kieran Trippier,DF,eng England,33,1990,6,450,75,65.2,5.0,6,75,2,0,,1,2.00,3,4,-1,-0.20,-1.32,3.9,3.5,+0.4,+0.08,+0.61,Matches
548,Leandro Trossard,FW,be Belgium,29,1994,3,169,56,46.9,1.9,2,67,0,1,35,1,1.33,1,1,0,0.00,0.00,3.0,1.2,+1.7,+0.91,+1.20,Matches
549,Anatolii Trubin,GK,ua Ukraine,22,2001,2,180,90,66.7,2.0,2,90,2,0,,1,2.00,2,1,+1,+0.50,+3.50,2.3,1.7,+0.6,+0.28,+0.62,Matches
550,Heorhii Tsitaishvili,"DF,MF",ge Georgia,23,2000,4,190,48,52.8,2.1,2,67,0,2,28,0,1.00,2,5,-3,-1.42,-1.42,2.2,7.4,-5.2,-2.46,-1.54,Matches
551,Viktor Tsyhankov,FW,ua Ukraine,26,1997,1,62,62,23.0,0.7,1,62,0,0,,1,0.00,0,3,-3,-4.35,-4.79,0.2,1.1,-0.8,-1.19,-1.64,Matches
552,Ľubomír Tupta,MF,sk Slovakia,25,1998,1,12,12,3.1,0.1,0,,0,1,12,3,0.00,0,0,0,0.00,+0.24,0.3,0.1,+0.2,,,Matches
553,Oleksandr Tymchyk,DF,ua Ukraine,27,1997,3,199,66,73.7,2.2,2,90,2,1,19,0,1.33,2,1,+1,+0.45,+4.26,2.7,1.7,+0.9,+0.42,+1.34,Matches
554,Deniz Undav,MF,de Germany,27,1996,1,7,7,1.5,0.1,0,,0,1,7,3,1.50,1,2,-1,-12.86,-14.38,0.2,0.3,0.0,-0.44,-1.46,Matches
555,Dayot Upamecano,DF,fr France,25,1998,6,570,95,100.0,6.3,6,95,6,0,,0,1.50,4,3,+1,+0.16,,9.0,5.2,+3.8,+0.63,+0.63,Matches
556,Kacper Urbanski,"FW,MF",pl Poland,19,2004,3,148,49,54.8,1.6,2,72,1,1,4,0,0.33,2,2,0,0.00,+2.21,1.6,3.5,-1.9,-1.13,-1.19,Matches
557,Virgil van Dijk,DF,nl Netherlands,32,1991,6,540,90,100.0,6.0,6,90,6,0,,0,1.67,10,7,+3,+0.50,,8.0,6.4,+1.6,+0.26,,Matches
558,Vladyslav Vanat,FW,ua Ukraine,22,2002,1,21,21,7.8,0.2,0,,0,1,21,2,1.00,0,0,0,0.00,+0.72,0.5,0.3,+0.2,+0.86,+0.86,Matches
559,Barnabás Varga,FW,hu Hungary,30,1994,3,249,83,92.2,2.8,3,83,1,0,,0,1.00,1,5,-4,-1.45,-5.73,2.6,3.6,-1.0,-0.38,-3.94,Matches
560,Ruben Vargas,"MF,FW",ch Switzerland,25,1998,5,306,61,63.8,3.4,4,70,0,1,26,0,1.80,5,3,+2,+0.59,-0.45,3.9,2.9,+1.0,+0.30,-0.12,Matches
561,Denis Vavro,DF,sk Slovakia,27,1996,4,390,98,100.0,4.3,4,98,4,0,,0,1.00,4,5,-1,-0.23,,4.4,5.8,-1.4,-0.34,-0.34,Matches
562,Joey Veerman,MF,nl Netherlands,25,1998,6,209,35,38.7,2.3,2,48,0,4,29,0,1.67,4,3,+1,+0.43,-0.11,3.6,1.3,+2.3,+0.98,+1.18,Matches
563,Igor Vekič,GK,si Slovenia,25,1998,0,,,,,0,,0,0,,4,,,,,,,,,,,,Matches
564,Miloš Veljković,DF,rs Serbia,28,1995,3,270,90,100.0,3.0,3,90,3,0,,0,0.67,1,2,-1,-0.33,,2.1,2.6,-0.5,-0.15,,Matches
565,Micky van de Ven,DF,nl Netherlands,22,2001,4,70,18,13.0,0.8,0,,0,4,18,2,2.25,4,1,+3,+3.86,+3.86,1.4,1.2,+0.2,+0.31,+0.06,Matches
566,Benjamin Verbič,MF,si Slovenia,30,1993,3,74,25,19.0,0.8,0,,0,3,25,1,1.00,1,1,0,0.00,0.00,1.2,1.8,-0.6,-1.19,-0.59,Matches
567,Bart Verbruggen,GK,nl Netherlands,21,2002,6,540,90,100.0,6.0,6,90,6,0,,0,1.67,10,7,+3,+0.50,,8.0,6.4,+1.6,+0.26,,Matches
568,Arthur Vermeeren,MF,be Belgium,18,2005,0,,,,,0,,0,0,,4,,,,,,,,,,,,Matches
569,Jan Vertonghen,DF,be Belgium,36,1987,3,270,90,75.0,3.0,3,90,3,0,,1,1.33,2,1,+1,+0.33,+1.33,2.8,2.8,0.0,+0.01,-1.06,Matches
570,Jannik Vestergaard,DF,dk Denmark,31,1992,4,360,90,100.0,4.0,4,90,4,0,,0,0.75,2,4,-2,-0.50,,4.3,4.8,-0.5,-0.12,,Matches
571,Guglielmo Vicario,GK,it Italy,27,1996,0,,,,,0,,0,0,,4,,,,,,,,,,,,Matches
572,Domagoj Vida,"DF,MF",hr Croatia,34,1989,0,,,,,0,,0,0,,3,,,,,,,,,,,,Matches
573,Žan Vipotnik,FW,si Slovenia,21,2002,1,15,15,3.8,0.2,0,,0,1,15,3,1.00,0,1,-1,-6.00,-6.24,0.0,0.3,-0.3,-1.80,-1.19,Matches
574,Martin Vitík,DF,cz Czechia,21,2003,0,,,,,0,,0,0,,3,,,,,,,,,,,,Matches
575,Vitinha,MF,pt Portugal,23,2000,4,358,90,70.2,4.0,4,90,0,0,,1,2.00,4,1,+3,+0.75,+1.35,5.2,2.5,+2.7,+0.67,-0.71,Matches
576,Daniel Vivian,DF,es Spain,24,1999,2,123,62,18.6,1.4,1,90,1,1,33,5,3.00,1,0,+1,+0.73,-0.94,1.5,0.8,+0.7,+0.49,-0.39,Matches
577,Dušan Vlahović,"MF,FW",rs Serbia,24,2000,3,177,59,65.6,2.0,2,77,1,1,24,0,0.67,0,1,-1,-0.51,-0.51,1.3,1.4,0.0,-0.02,+0.38,Matches
578,Nikola Vlašić,"FW,MF",hr Croatia,26,1997,0,,,,,0,,0,0,,1,,,,,,,,,,,,Matches
579,Tomáš Vlček,DF,cz Czechia,22,2001,0,,,,,0,,0,0,,3,,,,,,,,,,,,Matches
580,Aster Vranckx,MF,be Belgium,21,2002,0,,,,,0,,0,0,,4,,,,,,,,,,,,Matches
581,Stefan de Vrij,DF,nl Netherlands,31,1992,6,540,90,100.0,6.0,6,90,6,0,,0,1.67,10,7,+3,+0.50,,8.0,6.4,+1.6,+0.26,,Matches
582,Kyle Walker,DF,eng England,33,1990,7,690,99,100.0,7.7,7,99,7,0,,0,1.71,8,6,+2,+0.26,,6.1,7.0,-1.0,-0.14,-0.14,Matches
583,Sebastian Walukiewicz,DF,pl Poland,23,2000,0,,,,,0,,0,0,,3,,,,,,,,,,,,Matches
584,Ollie Watkins,FW,eng England,28,1995,3,62,21,9.0,0.7,0,,0,3,21,4,1.33,2,1,+1,+1.45,+1.31,0.7,1.2,-0.4,-0.63,-0.56,Matches
585,Wout Weghorst,FW,nl Netherlands,31,1992,6,138,23,25.6,1.5,0,,0,6,23,0,1.67,5,2,+3,+1.96,+1.96,1.8,1.5,+0.3,+0.22,-0.06,Matches
586,Andreas Weimann,FW,at Austria,32,1991,1,1,1,0.3,0.0,0,,0,1,1,3,3.00,0,0,0,0.00,-0.25,0.0,0.0,0.0,-1.72,-1.89,Matches
587,Adam Wharton,MF,eng England,19,2004,0,,,,,0,,0,0,,7,,,,,,,,,,,,Matches
588,Silvan Widmer,DF,ch Switzerland,30,1993,4,299,75,62.3,3.3,3,81,1,1,57,0,1.50,5,4,+1,+0.30,-1.19,4.2,3.8,+0.4,+0.13,-0.49,Matches
589,Georginio Wijnaldum,MF,nl Netherlands,33,1990,3,73,24,13.5,0.8,0,,0,3,24,3,1.33,2,1,+1,+1.23,+0.85,0.5,1.2,-0.7,-0.85,-1.28,Matches
590,Nico Williams,FW,es Spain,21,2002,6,492,82,74.5,5.5,6,82,2,0,,1,3.00,13,3,+10,+1.83,+1.29,9.8,4.1,+5.7,+1.05,+0.94,Matches
591,Patrick Wimmer,"FW,MF",at Austria,22,2001,3,138,46,38.3,1.5,1,62,0,2,38,0,2.00,4,1,+3,+1.96,+2.77,2.5,3.2,-0.7,-0.42,-0.96,Matches
592,Jonas Wind,FW,dk Denmark,24,1999,4,193,48,53.6,2.1,3,61,0,1,10,0,0.75,2,2,0,0.00,+1.08,2.6,2.2,+0.4,+0.18,+0.65,Matches
593,Florian Wirtz,"FW,MF",de Germany,20,2003,5,279,56,58.1,3.1,3,65,0,2,43,0,2.00,5,3,+2,+0.65,-1.59,5.7,2.4,+3.3,+1.19,+0.39,Matches
594,Axel Witsel,"DF,MF",be Belgium,35,1989,0,,,,,0,,0,0,,2,,,,,,,,,,,,Matches
595,Maximilian Wöber,DF,at Austria,25,1998,3,175,58,48.6,1.9,2,74,1,1,27,1,1.00,4,3,+1,+0.51,+0.51,3.5,2.8,+0.7,+0.37,+0.39,Matches
596,Granit Xhaka,MF,ch Switzerland,31,1992,5,480,96,100.0,5.3,5,96,5,0,,0,1.80,8,4,+4,+0.75,,6.7,4.9,+1.8,+0.37,+0.37,Matches
597,Lamine Yamal,FW,es Spain,16,2007,7,503,72,76.2,5.6,6,81,1,1,19,0,3.00,13,3,+10,+1.79,+1.22,10.1,4.3,+5.8,+1.03,+0.93,Matches
598,Roman Yaremchuk,FW,ua Ukraine,28,1995,3,121,40,44.8,1.3,1,69,0,2,26,0,1.33,1,0,+1,+0.74,+2.56,1.2,0.8,+0.4,+0.27,+0.36,Matches
599,Andriy Yarmolenko,"FW,MF",ua Ukraine,34,1989,3,104,35,38.5,1.2,1,66,0,2,19,0,1.33,1,1,0,0.00,+1.08,1.9,0.8,+1.1,+0.97,+1.47,Matches
600,Yusuf Yazıcı,"MF,FW",tr Türkiye,27,1997,2,57,29,12.7,0.6,0,,0,2,29,3,1.50,1,1,0,0.00,0.00,1.0,1.5,-0.5,-0.73,-0.46,Matches
601,Bertuğ Yıldırım,FW,tr Türkiye,21,2002,0,,,0.0,0.0,0,,0,0,,4,0.00,1,2,-1,,,,,,,,Matches
602,Kenan Yıldız,"FW,MF",tr Türkiye,18,2005,5,345,69,76.7,3.8,4,78,0,1,33,0,1.80,6,5,+1,+0.26,+1.12,4.6,5.9,-1.4,-0.36,-0.15,Matches
603,Okay Yokuşlu,"MF,DF",tr Türkiye,29,1994,3,55,18,12.2,0.6,0,,0,3,18,2,2.00,1,1,0,0.00,0.00,1.4,2.1,-0.7,-1.15,-0.95,Matches
604,İsmail Yüksek,MF,tr Türkiye,25,1999,3,152,51,33.8,1.7,2,60,0,1,33,1,2.00,2,0,+2,+1.18,+1.79,1.5,2.2,-0.7,-0.44,-0.18,Matches
605,Illia Zabarnyi,DF,ua Ukraine,21,2002,3,270,90,100.0,3.0,3,90,3,0,,0,1.33,2,4,-2,-0.67,,3.0,2.8,+0.2,+0.07,,Matches
606,Mattia Zaccagni,"MF,FW",it Italy,28,1995,3,82,27,22.8,0.9,0,,0,3,27,1,0.33,1,1,0,0.00,+0.65,0.9,0.7,+0.2,+0.21,+0.72,Matches
607,Warren Zaïre-Emery,MF,fr France,17,2006,0,,,,,0,,0,0,,6,,,,,,,,,,,,Matches
608,Denis Zakaria,MF,ch Switzerland,27,1996,1,23,23,4.8,0.3,0,,0,1,23,2,1.00,0,0,0,0.00,-0.79,0.3,0.1,+0.2,,,Matches
609,Nicola Zalewski,DF,pl Poland,22,2002,3,247,82,91.5,2.7,3,82,2,0,,0,0.33,2,6,-4,-1.46,-5.37,3.2,5.6,-2.4,-0.88,-3.33,Matches
610,Adrian Zeljković,MF,si Slovenia,21,2002,0,,,,,0,,0,0,,4,,,,,,,,,,,,Matches
611,Cedric Zesiger,DF,ch Switzerland,25,1998,0,,,,,0,,0,0,,5,,,,,,,,,,,,Matches
612,Piotr Zieliński,MF,pl Poland,29,1994,3,253,84,93.7,2.8,3,84,1,0,,0,0.33,3,5,-2,-0.71,+4.58,2.9,5.7,-2.8,-0.99,-6.30,Matches
613,David Zima,DF,cz Czechia,23,2000,0,,,,,0,,0,0,,3,,,,,,,,,,,,Matches
614,Oleksandr Zinchenko,DF,ua Ukraine,27,1996,3,213,71,78.9,2.4,2,90,2,1,33,0,1.33,2,4,-2,-0.85,-0.85,2.7,2.3,+0.4,+0.19,+0.54,Matches
615,Joshua Zirkzee,"FW,DF",nl Netherlands,22,2001,2,5,3,0.9,0.1,0,,0,2,3,4,1.50,0,0,0,0.00,-0.50,0.1,0.3,-0.3,-5.17,-5.48,Matches
616,Andrija Živković,DF,rs Serbia,27,1996,3,244,81,90.4,2.7,3,81,1,0,,0,0.67,0,2,-2,-0.74,-4.20,1.7,2.4,-0.7,-0.25,-1.05,Matches
617,Budu Zivzivadze,"FW,MF",ge Georgia,29,1994,2,18,9,5.0,0.2,0,,0,2,9,2,0.00,0,2,-2,-10.00,-9.74,0.2,1.9,-1.6,-8.20,-6.81,Matches
618,Steven Zuber,MF,ch Switzerland,32,1991,2,77,39,16.0,0.9,0,,0,2,39,1,2.00,1,1,0,0.00,-0.89,1.3,0.9,+0.4,+0.70,+0.40,Matches
619,Martín Zubimendi,MF,es Spain,24,1999,4,141,35,21.4,1.6,1,90,1,3,17,3,3.00,3,1,+2,+1.28,-0.28,3.0,0.9,+2.1,+1.36,+0.70,Matches
620,Oleksandr Zubkov,FW,ua Ukraine,27,1996,1,24,24,8.9,0.3,0,,0,1,24,2,3.00,1,0,+1,+3.75,+4.85,0.4,0.2,+0.1,+0.54,+0.51,Matches
621,Nino Žugelj,FW,si Slovenia,23,2000,0,,,,,0,,0,0,,4,,,,,,,,,,,,Matches